country,country_code,continent,population,indicator,weekly_count,year_week,rate_14_day,cumulative_count
Angola,AGO,Africa,32866268,cases,2,2020-12,,2
Angola,AGO,Africa,32866268,cases,5,2020-13,0.021,7
Angola,AGO,Africa,32866268,cases,7,2020-14,0.037,14
Angola,AGO,Africa,32866268,cases,5,2020-15,0.037,19
Angola,AGO,Africa,32866268,cases,5,2020-16,0.03,24
Angola,AGO,Africa,32866268,cases,2,2020-17,0.021,26
Angola,AGO,Africa,32866268,cases,9,2020-18,0.033,35
Angola,AGO,Africa,32866268,cases,10,2020-19,0.058,45
Angola,AGO,Africa,32866268,cases,3,2020-20,0.04,48
Angola,AGO,Africa,32866268,cases,21,2020-21,0.073,69
Angola,AGO,Africa,32866268,cases,17,2020-22,0.116,86
Angola,AGO,Africa,32866268,cases,5,2020-23,0.067,91
Angola,AGO,Africa,32866268,cases,49,2020-24,0.164,140
Angola,AGO,Africa,32866268,cases,36,2020-25,0.259,176
Angola,AGO,Africa,32866268,cases,91,2020-26,0.386,267
Angola,AGO,Africa,32866268,cases,79,2020-27,0.517,346
Angola,AGO,Africa,32866268,cases,160,2020-28,0.727,506
Angola,AGO,Africa,32866268,cases,199,2020-29,1.092,705
Angola,AGO,Africa,32866268,cases,225,2020-30,1.29,930
Angola,AGO,Africa,32866268,cases,218,2020-31,1.348,1148
Angola,AGO,Africa,32866268,cases,424,2020-32,1.953,1572
Angola,AGO,Africa,32866268,cases,307,2020-33,2.224,1879
Angola,AGO,Africa,32866268,cases,292,2020-34,1.823,2171
Angola,AGO,Africa,32866268,cases,453,2020-35,2.267,2624
Angola,AGO,Africa,32866268,cases,311,2020-36,2.325,2935
Angola,AGO,Africa,32866268,cases,400,2020-37,2.163,3335
Angola,AGO,Africa,32866268,cases,656,2020-38,3.213,3991
Angola,AGO,Africa,32866268,cases,681,2020-39,4.068,4672
Angola,AGO,Africa,32866268,cases,698,2020-40,4.196,5370
Angola,AGO,Africa,32866268,cases,876,2020-41,4.789,6246
Angola,AGO,Africa,32866268,cases,1216,2020-42,6.365,7462
Angola,AGO,Africa,32866268,cases,1564,2020-43,8.459,9026
Angola,AGO,Africa,32866268,cases,1779,2020-44,10.172,10805
Angola,AGO,Africa,32866268,cases,1530,2020-45,10.068,12335
Angola,AGO,Africa,32866268,cases,1039,2020-46,7.817,13374
Angola,AGO,Africa,32866268,cases,1119,2020-47,6.566,14493
Angola,AGO,Africa,32866268,cases,610,2020-48,5.261,15103
Angola,AGO,Africa,32866268,cases,433,2020-49,3.173,15536
Angola,AGO,Africa,32866268,cases,652,2020-50,3.301,16188
Angola,AGO,Africa,32866268,cases,456,2020-51,3.371,16644
Angola,AGO,Africa,32866268,cases,652,2020-52,3.371,17296
Angola,AGO,Africa,32866268,cases,346,2020-53,3.037,17642
Angola,AGO,Africa,32866268,cases,551,2021-01,2.729,18193
Angola,AGO,Africa,32866268,cases,682,2021-02,3.752,18875
Angola,AGO,Africa,32866268,cases,524,2021-03,3.669,19399
Angola,AGO,Africa,32866268,cases,397,2021-04,2.802,19796
Angola,AGO,Africa,32866268,cases,290,2021-05,2.09,20086
Angola,AGO,Africa,32866268,cases,280,2021-06,1.734,20366
Angola,AGO,Africa,32866268,cases,153,2021-07,1.317,20519
Angola,AGO,Africa,32866268,cases,288,2021-08,1.342,20807
Angola,AGO,Africa,32866268,cases,279,2021-09,1.725,21086
Angola,AGO,Africa,32866268,cases,294,2021-10,1.743,21380
Angola,AGO,Africa,32866268,cases,353,2021-11,1.969,21733
Angola,AGO,Africa,32866268,cases,330,2021-12,2.078,22063
Angola,AGO,Africa,32866268,cases,568,2021-13,2.732,22631
Angola,AGO,Africa,32866268,cases,700,2021-14,3.858,23331
Angola,AGO,Africa,32866268,cases,1058,2021-15,5.349,24389
Angola,AGO,Africa,32866268,deaths,0,2020-12,,0
Angola,AGO,Africa,32866268,deaths,2,2020-13,0.061,2
Angola,AGO,Africa,32866268,deaths,0,2020-14,0.061,2
Angola,AGO,Africa,32866268,deaths,0,2020-15,0,2
Angola,AGO,Africa,32866268,deaths,0,2020-16,0,2
Angola,AGO,Africa,32866268,deaths,0,2020-17,0,2
Angola,AGO,Africa,32866268,deaths,0,2020-18,0,2
Angola,AGO,Africa,32866268,deaths,0,2020-19,0,2
Angola,AGO,Africa,32866268,deaths,0,2020-20,0,2
Angola,AGO,Africa,32866268,deaths,2,2020-21,0.061,4
Angola,AGO,Africa,32866268,deaths,0,2020-22,0.061,4
Angola,AGO,Africa,32866268,deaths,0,2020-23,0,4
Angola,AGO,Africa,32866268,deaths,2,2020-24,0.061,6
Angola,AGO,Africa,32866268,deaths,3,2020-25,0.152,9
Angola,AGO,Africa,32866268,deaths,2,2020-26,0.152,11
Angola,AGO,Africa,32866268,deaths,8,2020-27,0.304,19
Angola,AGO,Africa,32866268,deaths,7,2020-28,0.456,26
Angola,AGO,Africa,32866268,deaths,3,2020-29,0.304,29
Angola,AGO,Africa,32866268,deaths,11,2020-30,0.426,40
Angola,AGO,Africa,32866268,deaths,12,2020-31,0.7,52
Angola,AGO,Africa,32866268,deaths,18,2020-32,0.913,70
Angola,AGO,Africa,32866268,deaths,16,2020-33,1.034,86
Angola,AGO,Africa,32866268,deaths,10,2020-34,0.791,96
Angola,AGO,Africa,32866268,deaths,11,2020-35,0.639,107
Angola,AGO,Africa,32866268,deaths,10,2020-36,0.639,117
Angola,AGO,Africa,32866268,deaths,15,2020-37,0.761,132
Angola,AGO,Africa,32866268,deaths,20,2020-38,1.065,152
Angola,AGO,Africa,32866268,deaths,19,2020-39,1.187,171
Angola,AGO,Africa,32866268,deaths,22,2020-40,1.247,193
Angola,AGO,Africa,32866268,deaths,25,2020-41,1.43,218
Angola,AGO,Africa,32866268,deaths,23,2020-42,1.46,241
Angola,AGO,Africa,32866268,deaths,26,2020-43,1.491,267
Angola,AGO,Africa,32866268,deaths,17,2020-44,1.308,284
Angola,AGO,Africa,32866268,deaths,19,2020-45,1.095,303
Angola,AGO,Africa,32866268,deaths,19,2020-46,1.156,322
Angola,AGO,Africa,32866268,deaths,15,2020-47,1.034,337
Angola,AGO,Africa,32866268,deaths,9,2020-48,0.73,346
Angola,AGO,Africa,32866268,deaths,8,2020-49,0.517,354
Angola,AGO,Africa,32866268,deaths,17,2020-50,0.761,371
Angola,AGO,Africa,32866268,deaths,16,2020-51,1.004,387
Angola,AGO,Africa,32866268,deaths,16,2020-52,0.974,403
Angola,AGO,Africa,32866268,deaths,5,2020-53,0.639,408
Angola,AGO,Africa,32866268,deaths,8,2021-01,0.396,416
Angola,AGO,Africa,32866268,deaths,20,2021-02,0.852,436
Angola,AGO,Africa,32866268,deaths,23,2021-03,1.308,459
Angola,AGO,Africa,32866268,deaths,7,2021-04,0.913,466
Angola,AGO,Africa,32866268,deaths,9,2021-05,0.487,475
Angola,AGO,Africa,32866268,deaths,17,2021-06,0.791,492
Angola,AGO,Africa,32866268,deaths,7,2021-07,0.73,499
Angola,AGO,Africa,32866268,deaths,9,2021-08,0.487,508
Angola,AGO,Africa,32866268,deaths,6,2021-09,0.456,514
Angola,AGO,Africa,32866268,deaths,7,2021-10,0.396,521
Angola,AGO,Africa,32866268,deaths,6,2021-11,0.396,527
Angola,AGO,Africa,32866268,deaths,6,2021-12,0.365,533
Angola,AGO,Africa,32866268,deaths,9,2021-13,0.456,542
Angola,AGO,Africa,32866268,deaths,8,2021-14,0.517,550
Angola,AGO,Africa,32866268,deaths,11,2021-15,0.578,561
Australia,AUS,Oceania,25499881,cases,0,2020-01,,0
Australia,AUS,Oceania,25499881,cases,0,2020-02,0,0
Australia,AUS,Oceania,25499881,cases,0,2020-03,0,0
Australia,AUS,Oceania,25499881,cases,4,2020-04,0.016,4
Australia,AUS,Oceania,25499881,cases,7,2020-05,0.043,11
Australia,AUS,Oceania,25499881,cases,3,2020-06,0.039,14
Australia,AUS,Oceania,25499881,cases,1,2020-07,0.016,15
Australia,AUS,Oceania,25499881,cases,7,2020-08,0.031,22
Australia,AUS,Oceania,25499881,cases,7,2020-09,0.055,29
Australia,AUS,Oceania,25499881,cases,51,2020-10,0.227,80
Australia,AUS,Oceania,25499881,cases,218,2020-11,1.055,298
Australia,AUS,Oceania,25499881,cases,1411,2020-12,6.388,1709
Australia,AUS,Oceania,25499881,cases,2384,2020-13,14.882,4093
Australia,AUS,Oceania,25499881,cases,1651,2020-14,15.824,5744
Australia,AUS,Oceania,25499881,cases,578,2020-15,8.741,6322
Australia,AUS,Oceania,25499881,cases,290,2020-16,3.404,6612
Australia,AUS,Oceania,25499881,cases,101,2020-17,1.533,6713
Australia,AUS,Oceania,25499881,cases,88,2020-18,0.741,6801
Australia,AUS,Oceania,25499881,cases,140,2020-19,0.894,6941
Australia,AUS,Oceania,25499881,cases,104,2020-20,0.957,7045
Australia,AUS,Oceania,25499881,cases,64,2020-21,0.659,7109
Australia,AUS,Oceania,25499881,cases,86,2020-22,0.588,7195
Australia,AUS,Oceania,25499881,cases,65,2020-23,0.592,7260
Australia,AUS,Oceania,25499881,cases,60,2020-24,0.49,7320
Australia,AUS,Oceania,25499881,cases,141,2020-25,0.788,7461
Australia,AUS,Oceania,25499881,cases,225,2020-26,1.435,7686
Australia,AUS,Oceania,25499881,cases,763,2020-27,3.875,8449
Australia,AUS,Oceania,25499881,cases,1348,2020-28,8.278,9797
Australia,AUS,Oceania,25499881,cases,2005,2020-29,13.149,11802
Australia,AUS,Oceania,25499881,cases,2601,2020-30,18.063,14403
Australia,AUS,Oceania,25499881,cases,3520,2020-31,24.004,17923
Australia,AUS,Oceania,25499881,cases,3161,2020-32,26.2,21084
Australia,AUS,Oceania,25499881,cases,2204,2020-33,21.039,23288
Australia,AUS,Oceania,25499881,cases,1524,2020-34,14.62,24812
Australia,AUS,Oceania,25499881,cases,858,2020-35,9.341,25670
Australia,AUS,Oceania,25499881,cases,609,2020-36,5.753,26279
Australia,AUS,Oceania,25499881,cases,372,2020-37,3.847,26651
Australia,AUS,Oceania,25499881,cases,247,2020-38,2.427,26898
Australia,AUS,Oceania,25499881,cases,142,2020-39,1.525,27040
Australia,AUS,Oceania,25499881,cases,96,2020-40,0.933,27136
Australia,AUS,Oceania,25499881,cases,128,2020-41,0.878,27264
Australia,AUS,Oceania,25499881,cases,126,2020-42,0.996,27390
Australia,AUS,Oceania,25499881,cases,130,2020-43,1.004,27520
Australia,AUS,Oceania,25499881,cases,75,2020-44,0.804,27595
Australia,AUS,Oceania,25499881,cases,63,2020-45,0.541,27658
Australia,AUS,Oceania,25499881,cases,67,2020-46,0.51,27725
Australia,AUS,Oceania,25499881,cases,96,2020-47,0.639,27821
Australia,AUS,Oceania,25499881,cases,72,2020-48,0.659,27893
Australia,AUS,Oceania,25499881,cases,72,2020-49,0.565,27965
Australia,AUS,Oceania,25499881,cases,66,2020-50,0.541,28031
Australia,AUS,Oceania,25499881,cases,167,2020-51,0.914,28198
Australia,AUS,Oceania,25499881,cases,114,2020-52,1.102,28312
Australia,AUS,Oceania,25499881,cases,192,2020-53,1.2,28504
Australia,AUS,Oceania,25499881,cases,110,2021-01,1.184,28614
Australia,AUS,Oceania,25499881,cases,94,2021-02,0.8,28708
Australia,AUS,Oceania,25499881,cases,58,2021-03,0.596,28766
Australia,AUS,Oceania,25499881,cases,52,2021-04,0.431,28818
Australia,AUS,Oceania,25499881,cases,32,2021-05,0.329,28850
Australia,AUS,Oceania,25499881,cases,50,2021-06,0.322,28900
Australia,AUS,Oceania,25499881,cases,30,2021-07,0.314,28930
Australia,AUS,Oceania,25499881,cases,40,2021-08,0.275,28970
Australia,AUS,Oceania,25499881,cases,67,2021-09,0.42,29037
Australia,AUS,Oceania,25499881,cases,80,2021-10,0.576,29117
Australia,AUS,Oceania,25499881,cases,89,2021-11,0.663,29206
Australia,AUS,Oceania,25499881,cases,54,2021-12,0.561,29260
Australia,AUS,Oceania,25499881,cases,88,2021-13,0.557,29348
Australia,AUS,Oceania,25499881,cases,57,2021-14,0.569,29405
Australia,AUS,Oceania,25499881,cases,114,2021-15,0.671,29519
Australia,AUS,Oceania,25499881,deaths,0,2020-01,,0
Australia,AUS,Oceania,25499881,deaths,0,2020-02,0,0
Australia,AUS,Oceania,25499881,deaths,0,2020-03,0,0
Australia,AUS,Oceania,25499881,deaths,0,2020-04,0,0
Australia,AUS,Oceania,25499881,deaths,0,2020-05,0,0
Australia,AUS,Oceania,25499881,deaths,0,2020-06,0,0
Australia,AUS,Oceania,25499881,deaths,0,2020-07,0,0
Australia,AUS,Oceania,25499881,deaths,0,2020-08,0,0
Australia,AUS,Oceania,25499881,deaths,1,2020-09,0.039,1
Australia,AUS,Oceania,25499881,deaths,2,2020-10,0.118,3
Australia,AUS,Oceania,25499881,deaths,2,2020-11,0.157,5
Australia,AUS,Oceania,25499881,deaths,2,2020-12,0.157,7
Australia,AUS,Oceania,25499881,deaths,9,2020-13,0.431,16
Australia,AUS,Oceania,25499881,deaths,20,2020-14,1.137,36
Australia,AUS,Oceania,25499881,deaths,25,2020-15,1.765,61
Australia,AUS,Oceania,25499881,deaths,9,2020-16,1.333,70
Australia,AUS,Oceania,25499881,deaths,13,2020-17,0.863,83
Australia,AUS,Oceania,25499881,deaths,12,2020-18,0.98,95
Australia,AUS,Oceania,25499881,deaths,2,2020-19,0.549,97
Australia,AUS,Oceania,25499881,deaths,1,2020-20,0.118,98
Australia,AUS,Oceania,25499881,deaths,4,2020-21,0.196,102
Australia,AUS,Oceania,25499881,deaths,0,2020-22,0.157,102
Australia,AUS,Oceania,25499881,deaths,0,2020-23,0,102
Australia,AUS,Oceania,25499881,deaths,0,2020-24,0,102
Australia,AUS,Oceania,25499881,deaths,0,2020-25,0,102
Australia,AUS,Oceania,25499881,deaths,2,2020-26,0.078,104
Australia,AUS,Oceania,25499881,deaths,0,2020-27,0.078,104
Australia,AUS,Oceania,25499881,deaths,4,2020-28,0.157,108
Australia,AUS,Oceania,25499881,deaths,14,2020-29,0.706,122
Australia,AUS,Oceania,25499881,deaths,33,2020-30,1.843,155
Australia,AUS,Oceania,25499881,deaths,53,2020-31,3.373,208
Australia,AUS,Oceania,25499881,deaths,87,2020-32,5.49,295
Australia,AUS,Oceania,25499881,deaths,101,2020-33,7.373,396
Australia,AUS,Oceania,25499881,deaths,106,2020-34,8.118,502
Australia,AUS,Oceania,25499881,deaths,109,2020-35,8.431,611
Australia,AUS,Oceania,25499881,deaths,142,2020-36,9.843,753
Australia,AUS,Oceania,25499881,deaths,57,2020-37,7.804,810
Australia,AUS,Oceania,25499881,deaths,39,2020-38,3.765,849
Australia,AUS,Oceania,25499881,deaths,23,2020-39,2.431,872
Australia,AUS,Oceania,25499881,deaths,22,2020-40,1.765,894
Australia,AUS,Oceania,25499881,deaths,4,2020-41,1.02,898
Australia,AUS,Oceania,25499881,deaths,6,2020-42,0.392,904
Australia,AUS,Oceania,25499881,deaths,1,2020-43,0.275,905
Australia,AUS,Oceania,25499881,deaths,2,2020-44,0.118,907
Australia,AUS,Oceania,25499881,deaths,0,2020-45,0.078,907
Australia,AUS,Oceania,25499881,deaths,0,2020-46,0,907
Australia,AUS,Oceania,25499881,deaths,0,2020-47,0,907
Australia,AUS,Oceania,25499881,deaths,0,2020-48,0,907
Australia,AUS,Oceania,25499881,deaths,1,2020-49,0.039,908
Australia,AUS,Oceania,25499881,deaths,0,2020-50,0.039,908
Australia,AUS,Oceania,25499881,deaths,0,2020-51,0,908
Australia,AUS,Oceania,25499881,deaths,0,2020-52,0,908
Australia,AUS,Oceania,25499881,deaths,1,2020-53,0.039,909
Australia,AUS,Oceania,25499881,deaths,0,2021-01,0.039,909
Australia,AUS,Oceania,25499881,deaths,0,2021-02,0,909
Australia,AUS,Oceania,25499881,deaths,0,2021-03,0,909
Australia,AUS,Oceania,25499881,deaths,0,2021-04,0,909
Australia,AUS,Oceania,25499881,deaths,0,2021-05,0,909
Australia,AUS,Oceania,25499881,deaths,0,2021-06,0,909
Australia,AUS,Oceania,25499881,deaths,0,2021-07,0,909
Australia,AUS,Oceania,25499881,deaths,0,2021-08,0,909
Australia,AUS,Oceania,25499881,deaths,0,2021-09,0,909
Australia,AUS,Oceania,25499881,deaths,0,2021-10,0,909
Australia,AUS,Oceania,25499881,deaths,0,2021-11,0,909
Australia,AUS,Oceania,25499881,deaths,0,2021-12,0,909
Australia,AUS,Oceania,25499881,deaths,0,2021-13,0,909
Australia,AUS,Oceania,25499881,deaths,0,2021-14,0,909
Australia,AUS,Oceania,25499881,deaths,1,2021-15,0.039,910
Austria,AUT,Europe,8901064,cases,0,2020-01,,0
Austria,AUT,Europe,8901064,cases,0,2020-02,0,0
Austria,AUT,Europe,8901064,cases,0,2020-03,0,0
Austria,AUT,Europe,8901064,cases,0,2020-04,0,0
Austria,AUT,Europe,8901064,cases,0,2020-05,0,0
Austria,AUT,Europe,8901064,cases,0,2020-06,0,0
Austria,AUT,Europe,8901064,cases,0,2020-07,0,0
Austria,AUT,Europe,8901064,cases,0,2020-08,0,0
Austria,AUT,Europe,8901064,cases,14,2020-09,0.157,14
Austria,AUT,Europe,8901064,cases,88,2020-10,1.146,102
Austria,AUT,Europe,8901064,cases,758,2020-11,9.504,860
Austria,AUT,Europe,8901064,cases,2771,2020-12,39.647,3631
Austria,AUT,Europe,8901064,cases,5182,2020-13,89.349,8813
Austria,AUT,Europe,8901064,cases,3170,2020-14,93.831,11983
Austria,AUT,Europe,8901064,cases,1954,2020-15,57.566,13937
Austria,AUT,Europe,8901064,cases,773,2020-16,30.637,14710
Austria,AUT,Europe,8901064,cases,479,2020-17,14.066,15189
Austria,AUT,Europe,8901064,cases,349,2020-18,9.302,15538
Austria,AUT,Europe,8901064,cases,249,2020-19,6.718,15787
Austria,AUT,Europe,8901064,cases,367,2020-20,6.921,16154
Austria,AUT,Europe,8901064,cases,285,2020-21,7.325,16439
Austria,AUT,Europe,8901064,cases,203,2020-22,5.482,16642
Austria,AUT,Europe,8901064,cases,226,2020-23,4.82,16868
Austria,AUT,Europe,8901064,cases,170,2020-24,4.449,17038
Austria,AUT,Europe,8901064,cases,247,2020-25,4.685,17285
Austria,AUT,Europe,8901064,cases,340,2020-26,6.595,17625
Austria,AUT,Europe,8901064,cases,644,2020-27,11.055,18269
Austria,AUT,Europe,8901064,cases,578,2020-28,13.729,18847
Austria,AUT,Europe,8901064,cases,724,2020-29,14.627,19571
Austria,AUT,Europe,8901064,cases,915,2020-30,18.414,20486
Austria,AUT,Europe,8901064,cases,823,2020-31,19.526,21309
Austria,AUT,Europe,8901064,cases,702,2020-32,17.133,22011
Austria,AUT,Europe,8901064,cases,1362,2020-33,23.188,23373
Austria,AUT,Europe,8901064,cases,1866,2020-34,36.265,25239
Austria,AUT,Europe,8901064,cases,1979,2020-35,43.197,27218
Austria,AUT,Europe,8901064,cases,1976,2020-36,44.433,29194
Austria,AUT,Europe,8901064,cases,4141,2020-37,68.722,33335
Austria,AUT,Europe,8901064,cases,5222,2020-38,105.19,38557
Austria,AUT,Europe,8901064,cases,4909,2020-39,113.818,43466
Austria,AUT,Europe,8901064,cases,5152,2020-40,113.031,48618
Austria,AUT,Europe,8901064,cases,7365,2020-41,140.624,55983
Austria,AUT,Europe,8901064,cases,9574,2020-42,190.303,65557
Austria,AUT,Europe,8901064,cases,16979,2020-43,298.313,82536
Austria,AUT,Europe,8901064,cases,28574,2020-44,511.77,111110
Austria,AUT,Europe,8901064,cases,41398,2020-45,786.108,152508
Austria,AUT,Europe,8901064,cases,50986,2020-46,1037.898,203494
Austria,AUT,Europe,8901064,cases,42630,2020-47,1051.739,246124
Austria,AUT,Europe,8901064,cases,32058,2020-48,839.091,278182
Austria,AUT,Europe,8901064,cases,22794,2020-49,616.241,300976
Austria,AUT,Europe,8901064,cases,19060,2020-50,470.213,320036
Austria,AUT,Europe,8901064,cases,16186,2020-51,395.975,336222
Austria,AUT,Europe,8901064,cases,15164,2020-52,352.205,351386
Austria,AUT,Europe,8901064,cases,13188,2020-53,318.524,364574
Austria,AUT,Europe,8901064,cases,15133,2021-01,318.175,379707
Austria,AUT,Europe,8901064,cases,11406,2021-02,298.155,391113
Austria,AUT,Europe,8901064,cases,10421,2021-03,245.218,401534
Austria,AUT,Europe,8901064,cases,9451,2021-04,223.254,410985
Austria,AUT,Europe,8901064,cases,10467,2021-05,223.771,421452
Austria,AUT,Europe,8901064,cases,8442,2021-06,212.435,429894
Austria,AUT,Europe,8901064,cases,11848,2021-07,227.95,441742
Austria,AUT,Europe,8901064,cases,14370,2021-08,294.549,456112
Austria,AUT,Europe,8901064,cases,15708,2021-09,337.915,471820
Austria,AUT,Europe,8901064,cases,18851,2021-10,388.257,490671
Austria,AUT,Europe,8901064,cases,20991,2021-11,447.609,511662
Austria,AUT,Europe,8901064,cases,21849,2021-12,481.291,533511
Austria,AUT,Europe,8901064,cases,21900,2021-13,491.503,555411
Austria,AUT,Europe,8901064,cases,18533,2021-14,454.249,573944
Austria,AUT,Europe,8901064,cases,16316,2021-15,391.515,590260
Austria,AUT,Europe,8901064,deaths,0,2020-01,,0
Austria,AUT,Europe,8901064,deaths,0,2020-02,0,0
Austria,AUT,Europe,8901064,deaths,0,2020-03,0,0
Austria,AUT,Europe,8901064,deaths,0,2020-04,0,0
Austria,AUT,Europe,8901064,deaths,0,2020-05,0,0
Austria,AUT,Europe,8901064,deaths,0,2020-06,0,0
Austria,AUT,Europe,8901064,deaths,0,2020-07,0,0
Austria,AUT,Europe,8901064,deaths,0,2020-08,0,0
Austria,AUT,Europe,8901064,deaths,0,2020-09,0,0
Austria,AUT,Europe,8901064,deaths,0,2020-10,0,0
Austria,AUT,Europe,8901064,deaths,1,2020-11,0.112,1
Austria,AUT,Europe,8901064,deaths,15,2020-12,1.798,16
Austria,AUT,Europe,8901064,deaths,70,2020-13,9.549,86
Austria,AUT,Europe,8901064,deaths,118,2020-14,21.121,204
Austria,AUT,Europe,8901064,deaths,146,2020-15,29.659,350
Austria,AUT,Europe,8901064,deaths,102,2020-16,27.862,452
Austria,AUT,Europe,8901064,deaths,90,2020-17,21.57,542
Austria,AUT,Europe,8901064,deaths,56,2020-18,16.403,598
Austria,AUT,Europe,8901064,deaths,20,2020-19,8.538,618
Austria,AUT,Europe,8901064,deaths,11,2020-20,3.483,629
Austria,AUT,Europe,8901064,deaths,11,2020-21,2.472,640
Austria,AUT,Europe,8901064,deaths,28,2020-22,4.381,668
Austria,AUT,Europe,8901064,deaths,4,2020-23,3.595,672
Austria,AUT,Europe,8901064,deaths,5,2020-24,1.011,677
Austria,AUT,Europe,8901064,deaths,13,2020-25,2.022,690
Austria,AUT,Europe,8901064,deaths,12,2020-26,2.809,702
Austria,AUT,Europe,8901064,deaths,4,2020-27,1.798,706
Austria,AUT,Europe,8901064,deaths,2,2020-28,0.674,708
Austria,AUT,Europe,8901064,deaths,2,2020-29,0.449,710
Austria,AUT,Europe,8901064,deaths,2,2020-30,0.449,712
Austria,AUT,Europe,8901064,deaths,6,2020-31,0.899,718
Austria,AUT,Europe,8901064,deaths,3,2020-32,1.011,721
Austria,AUT,Europe,8901064,deaths,7,2020-33,1.123,728
Austria,AUT,Europe,8901064,deaths,4,2020-34,1.236,732
Austria,AUT,Europe,8901064,deaths,1,2020-35,0.562,733
Austria,AUT,Europe,8901064,deaths,3,2020-36,0.449,736
Austria,AUT,Europe,8901064,deaths,20,2020-37,2.584,756
Austria,AUT,Europe,8901064,deaths,10,2020-38,3.37,766
Austria,AUT,Europe,8901064,deaths,21,2020-39,3.483,787
Austria,AUT,Europe,8901064,deaths,26,2020-40,5.28,813
Austria,AUT,Europe,8901064,deaths,51,2020-41,8.651,864
Austria,AUT,Europe,8901064,deaths,46,2020-42,10.898,910
Austria,AUT,Europe,8901064,deaths,74,2020-43,13.482,984
Austria,AUT,Europe,8901064,deaths,130,2020-44,22.919,1114
Austria,AUT,Europe,8901064,deaths,221,2020-45,39.433,1335
Austria,AUT,Europe,8901064,deaths,344,2020-46,63.476,1679
Austria,AUT,Europe,8901064,deaths,520,2020-47,97.067,2199
Austria,AUT,Europe,8901064,deaths,705,2020-48,137.624,2904
Austria,AUT,Europe,8901064,deaths,828,2020-49,172.227,3732
Austria,AUT,Europe,8901064,deaths,668,2020-50,168.07,4400
Austria,AUT,Europe,8901064,deaths,816,2020-51,166.722,5216
Austria,AUT,Europe,8901064,deaths,656,2020-52,165.373,5872
Austria,AUT,Europe,8901064,deaths,381,2020-53,116.503,6253
Austria,AUT,Europe,8901064,deaths,378,2021-01,85.271,6631
Austria,AUT,Europe,8901064,deaths,383,2021-02,85.495,7014
Austria,AUT,Europe,8901064,deaths,348,2021-03,82.125,7362
Austria,AUT,Europe,8901064,deaths,291,2021-04,71.789,7653
Austria,AUT,Europe,8901064,deaths,287,2021-05,64.936,7940
Austria,AUT,Europe,8901064,deaths,161,2021-06,50.331,8101
Austria,AUT,Europe,8901064,deaths,157,2021-07,35.726,8258
Austria,AUT,Europe,8901064,deaths,156,2021-08,35.164,8414
Austria,AUT,Europe,8901064,deaths,124,2021-09,31.457,8538
Austria,AUT,Europe,8901064,deaths,131,2021-10,28.648,8669
Austria,AUT,Europe,8901064,deaths,167,2021-11,33.479,8836
Austria,AUT,Europe,8901064,deaths,170,2021-12,37.861,9006
Austria,AUT,Europe,8901064,deaths,183,2021-13,39.658,9189
Austria,AUT,Europe,8901064,deaths,222,2021-14,45.5,9411
Austria,AUT,Europe,8901064,deaths,239,2021-15,51.792,9650
Brazil,BRA,America,212559409,cases,0,2020-01,,0
Brazil,BRA,America,212559409,cases,0,2020-02,0,0
Brazil,BRA,America,212559409,cases,0,2020-03,0,0
Brazil,BRA,America,212559409,cases,0,2020-04,0,0
Brazil,BRA,America,212559409,cases,0,2020-05,0,0
Brazil,BRA,America,212559409,cases,0,2020-06,0,0
Brazil,BRA,America,212559409,cases,0,2020-07,0,0
Brazil,BRA,America,212559409,cases,0,2020-08,0,0
Brazil,BRA,America,212559409,cases,2,2020-09,0.001,2
Brazil,BRA,America,212559409,cases,23,2020-10,0.012,25
Brazil,BRA,America,212559409,cases,175,2020-11,0.093,200
Brazil,BRA,America,212559409,cases,1346,2020-12,0.716,1546
Brazil,BRA,America,212559409,cases,2710,2020-13,1.908,4256
Brazil,BRA,America,212559409,cases,6874,2020-14,4.509,11130
Brazil,BRA,America,212559409,cases,11039,2020-15,8.427,22169
Brazil,BRA,America,212559409,cases,16485,2020-16,12.949,38654
Brazil,BRA,America,212559409,cases,23234,2020-17,18.686,61888
Brazil,BRA,America,212559409,cases,39259,2020-18,29.4,101147
Brazil,BRA,America,212559409,cases,61552,2020-19,47.427,162699
Brazil,BRA,America,212559409,cases,78381,2020-20,65.832,241080
Brazil,BRA,America,212559409,cases,122131,2020-21,94.332,363211
Brazil,BRA,America,212559409,cases,151638,2020-22,128.796,514849
Brazil,BRA,America,212559409,cases,176909,2020-23,154.567,691758
Brazil,BRA,America,212559409,cases,175866,2020-24,165.965,867624
Brazil,BRA,America,212559409,cases,217414,2020-25,185.021,1085038
Brazil,BRA,America,212559409,cases,259105,2020-26,224.182,1344143
Brazil,BRA,America,212559409,cases,258912,2020-27,243.705,1603055
Brazil,BRA,America,212559409,cases,261626,2020-28,244.891,1864681
Brazil,BRA,America,212559409,cases,233708,2020-29,233.033,2098389
Brazil,BRA,America,212559409,cases,320702,2020-30,260.826,2419091
Brazil,BRA,America,212559409,cases,314586,2020-31,298.876,2733677
Brazil,BRA,America,212559409,cases,301745,2020-32,289.957,3035422
Brazil,BRA,America,212559409,cases,304775,2020-33,285.341,3340197
Brazil,BRA,America,212559409,cases,265586,2020-34,268.33,3605783
Brazil,BRA,America,212559409,cases,256528,2020-35,245.632,3862311
Brazil,BRA,America,212559409,cases,275210,2020-36,250.16,4137521
Brazil,BRA,America,212559409,cases,192934,2020-37,220.241,4330455
Brazil,BRA,America,212559409,cases,214174,2020-38,191.527,4544629
Brazil,BRA,America,212559409,cases,187680,2020-39,189.055,4732309
Brazil,BRA,America,212559409,cases,182980,2020-40,174.379,4915289
Brazil,BRA,America,212559409,cases,179693,2020-41,170.622,5094982
Brazil,BRA,America,212559409,cases,140362,2020-42,150.572,5235344
Brazil,BRA,America,212559409,cases,158784,2020-43,140.735,5394128
Brazil,BRA,America,212559409,cases,151577,2020-44,146.011,5545705
Brazil,BRA,America,212559409,cases,118410,2020-45,127.017,5664115
Brazil,BRA,America,212559409,cases,198978,2020-46,149.317,5863093
Brazil,BRA,America,212559409,cases,208308,2020-47,191.61,6071401
Brazil,BRA,America,212559409,cases,243339,2020-48,212.48,6314740
Brazil,BRA,America,212559409,cases,288800,2020-49,250.348,6603540
Brazil,BRA,America,212559409,cases,298412,2020-50,276.258,6901952
Brazil,BRA,America,212559409,cases,361667,2020-51,310.539,7263619
Brazil,BRA,America,212559409,cases,220666,2020-52,273.962,7484285
Brazil,BRA,America,212559409,cases,249461,2020-53,221.174,7733746
Brazil,BRA,America,212559409,cases,397866,2021-01,304.539,8131612
Brazil,BRA,America,212559409,cases,380158,2021-02,366.027,8511770
Brazil,BRA,America,212559409,cases,359623,2021-03,348.035,8871393
Brazil,BRA,America,212559409,cases,357929,2021-04,337.577,9229322
Brazil,BRA,America,212559409,cases,318757,2021-05,318.351,9548079
Brazil,BRA,America,212559409,cases,318631,2021-06,299.863,9866710
Brazil,BRA,America,212559409,cases,328450,2021-07,304.424,10195160
Brazil,BRA,America,212559409,cases,391841,2021-08,338.866,10587001
Brazil,BRA,America,212559409,cases,464664,2021-09,402.949,11051665
Brazil,BRA,America,212559409,cases,467944,2021-10,438.752,11519609
Brazil,BRA,America,212559409,cases,527917,2021-11,468.509,12047526
Brazil,BRA,America,212559409,cases,526089,2021-12,495.864,12573615
Brazil,BRA,America,212559409,cases,439986,2021-13,454.496,13013601
Brazil,BRA,America,212559409,cases,504207,2021-14,444.202,13517808
Brazil,BRA,America,212559409,cases,455887,2021-15,451.683,13973695
Brazil,BRA,America,212559409,deaths,0,2020-01,,0
Brazil,BRA,America,212559409,deaths,0,2020-02,0,0
Brazil,BRA,America,212559409,deaths,0,2020-03,0,0
Brazil,BRA,America,212559409,deaths,0,2020-04,0,0
Brazil,BRA,America,212559409,deaths,0,2020-05,0,0
Brazil,BRA,America,212559409,deaths,0,2020-06,0,0
Brazil,BRA,America,212559409,deaths,0,2020-07,0,0
Brazil,BRA,America,212559409,deaths,0,2020-08,0,0
Brazil,BRA,America,212559409,deaths,0,2020-09,0,0
Brazil,BRA,America,212559409,deaths,0,2020-10,0,0
Brazil,BRA,America,212559409,deaths,0,2020-11,0,0
Brazil,BRA,America,212559409,deaths,25,2020-12,0.118,25
Brazil,BRA,America,212559409,deaths,111,2020-13,0.64,136
Brazil,BRA,America,212559409,deaths,350,2020-14,2.169,486
Brazil,BRA,America,212559409,deaths,737,2020-15,5.114,1223
Brazil,BRA,America,212559409,deaths,1239,2020-16,9.296,2462
Brazil,BRA,America,212559409,deaths,1743,2020-17,14.029,4205
Brazil,BRA,America,212559409,deaths,2820,2020-18,21.467,7025
Brazil,BRA,America,212559409,deaths,4098,2020-19,32.546,11123
Brazil,BRA,America,212559409,deaths,4995,2020-20,42.779,16118
Brazil,BRA,America,212559409,deaths,6548,2020-21,54.305,22666
Brazil,BRA,America,212559409,deaths,6648,2020-22,62.081,29314
Brazil,BRA,America,212559409,deaths,7141,2020-23,64.871,36455
Brazil,BRA,America,212559409,deaths,6877,2020-24,65.949,43332
Brazil,BRA,America,212559409,deaths,7285,2020-25,66.626,50617
Brazil,BRA,America,212559409,deaths,7005,2020-26,67.228,57622
Brazil,BRA,America,212559409,deaths,7245,2020-27,67.04,64867
Brazil,BRA,America,212559409,deaths,7233,2020-28,68.113,72100
Brazil,BRA,America,212559409,deaths,7388,2020-29,68.785,79488
Brazil,BRA,America,212559409,deaths,7516,2020-30,70.117,87004
Brazil,BRA,America,212559409,deaths,7100,2020-31,68.762,94104
Brazil,BRA,America,212559409,deaths,6945,2020-32,66.076,101049
Brazil,BRA,America,212559409,deaths,6803,2020-33,64.678,107852
Brazil,BRA,America,212559409,deaths,6892,2020-34,64.429,114744
Brazil,BRA,America,212559409,deaths,6084,2020-35,61.046,120828
Brazil,BRA,America,212559409,deaths,5822,2020-36,56.013,126650
Brazil,BRA,America,212559409,deaths,4975,2020-37,50.795,131625
Brazil,BRA,America,212559409,deaths,5270,2020-38,48.198,136895
Brazil,BRA,America,212559409,deaths,4846,2020-39,47.591,141741
Brazil,BRA,America,212559409,deaths,4611,2020-40,44.491,146352
Brazil,BRA,America,212559409,deaths,4136,2020-41,41.151,150488
Brazil,BRA,America,212559409,deaths,3417,2020-42,35.534,153905
Brazil,BRA,America,212559409,deaths,3229,2020-43,31.267,157134
Brazil,BRA,America,212559409,deaths,2940,2020-44,29.022,160074
Brazil,BRA,America,212559409,deaths,2323,2020-45,24.76,162397
Brazil,BRA,America,212559409,deaths,3401,2020-46,26.929,165798
Brazil,BRA,America,212559409,deaths,3385,2020-47,31.925,169183
Brazil,BRA,America,212559409,deaths,3650,2020-48,33.097,172833
Brazil,BRA,America,212559409,deaths,4108,2020-49,36.498,176941
Brazil,BRA,America,212559409,deaths,4461,2020-50,40.313,181402
Brazil,BRA,America,212559409,deaths,5889,2020-51,48.692,187291
Brazil,BRA,America,212559409,deaths,3848,2020-52,45.808,191139
Brazil,BRA,America,212559409,deaths,4879,2020-53,41.057,196018
Brazil,BRA,America,212559409,deaths,7562,2021-01,58.53,203580
Brazil,BRA,America,212559409,deaths,6719,2021-02,67.186,210299
Brazil,BRA,America,212559409,deaths,7365,2021-03,66.259,217664
Brazil,BRA,America,212559409,deaths,7435,2021-04,69.628,225099
Brazil,BRA,America,212559409,deaths,7071,2021-05,68.244,232170
Brazil,BRA,America,212559409,deaths,7603,2021-06,69.035,239773
Brazil,BRA,America,212559409,deaths,7370,2021-07,70.441,247143
Brazil,BRA,America,212559409,deaths,8577,2021-08,75.024,255720
Brazil,BRA,America,212559409,deaths,10678,2021-09,90.586,266398
Brazil,BRA,America,212559409,deaths,12888,2021-10,110.868,279286
Brazil,BRA,America,212559409,deaths,16139,2021-11,136.559,295425
Brazil,BRA,America,212559409,deaths,18441,2021-12,162.684,313866
Brazil,BRA,America,212559409,deaths,18886,2021-13,175.607,332752
Brazil,BRA,America,212559409,deaths,21865,2021-14,191.716,354617
Brazil,BRA,America,212559409,deaths,20065,2021-15,197.262,374682
China,CHN,Asia,1439323774,cases,59,2020-01,,59
China,CHN,Asia,1439323774,cases,0,2020-02,0.004,59
China,CHN,Asia,1439323774,cases,176,2020-03,0.012,235
China,CHN,Asia,1439323774,cases,2540,2020-04,0.189,2775
China,CHN,Asia,1439323774,cases,14436,2020-05,1.179,17211
China,CHN,Asia,1439323774,cases,22995,2020-06,2.601,40206
China,CHN,Asia,1439323774,cases,30412,2020-07,3.711,70618
China,CHN,Asia,1439323774,cases,6616,2020-08,2.573,77234
China,CHN,Asia,1439323774,cases,2900,2020-09,0.661,80134
China,CHN,Asia,1439323774,cases,725,2020-10,0.252,80859
China,CHN,Asia,1439323774,cases,161,2020-11,0.062,81020
China,CHN,Asia,1439323774,cases,464,2020-12,0.043,81484
China,CHN,Asia,1439323774,cases,673,2020-13,0.079,82157
China,CHN,Asia,1439323774,cases,485,2020-14,0.08,82642
China,CHN,Asia,1439323774,cases,567,2020-15,0.073,83209
China,CHN,Asia,1439323774,cases,608,2020-16,0.082,83817
China,CHN,Asia,1439323774,cases,95,2020-17,0.049,83912
China,CHN,Asia,1439323774,cases,52,2020-18,0.01,83964
China,CHN,Asia,1439323774,cases,46,2020-19,0.007,84010
China,CHN,Asia,1439323774,cases,44,2020-20,0.006,84054
China,CHN,Asia,1439323774,cases,41,2020-21,0.006,84095
China,CHN,Asia,1439323774,cases,52,2020-22,0.006,84147
China,CHN,Asia,1439323774,cases,44,2020-23,0.007,84191
China,CHN,Asia,1439323774,cases,144,2020-24,0.013,84335
China,CHN,Asia,1439323774,cases,237,2020-25,0.026,84572
China,CHN,Asia,1439323774,cases,185,2020-26,0.029,84757
China,CHN,Asia,1439323774,cases,114,2020-27,0.021,84871
China,CHN,Asia,1439323774,cases,246,2020-28,0.025,85117
China,CHN,Asia,1439323774,cases,496,2020-29,0.052,85613
China,CHN,Asia,1439323774,cases,957,2020-30,0.101,86570
China,CHN,Asia,1439323774,cases,1415,2020-31,0.165,87985
China,CHN,Asia,1439323774,cases,808,2020-32,0.154,88793
China,CHN,Asia,1439323774,cases,582,2020-33,0.097,89375
China,CHN,Asia,1439323774,cases,320,2020-34,0.063,89695
China,CHN,Asia,1439323774,cases,200,2020-35,0.036,89895
China,CHN,Asia,1439323774,cases,163,2020-36,0.025,90058
China,CHN,Asia,1439323774,cases,139,2020-37,0.021,90197
China,CHN,Asia,1439323774,cases,172,2020-38,0.022,90369
China,CHN,Asia,1439323774,cases,114,2020-39,0.02,90483
China,CHN,Asia,1439323774,cases,146,2020-40,0.018,90629
China,CHN,Asia,1439323774,cases,183,2020-41,0.023,90812
China,CHN,Asia,1439323774,cases,160,2020-42,0.024,90972
China,CHN,Asia,1439323774,cases,179,2020-43,0.024,91151
China,CHN,Asia,1439323774,cases,196,2020-44,0.026,91347
China,CHN,Asia,1439323774,cases,213,2020-45,0.028,91560
China,CHN,Asia,1439323774,cases,76,2020-46,0.02,91636
China,CHN,Asia,1439323774,cases,95,2020-47,0.012,91731
China,CHN,Asia,1439323774,cases,83,2020-48,0.012,91814
China,CHN,Asia,1439323774,cases,104,2020-49,0.013,91918
China,CHN,Asia,1439323774,cases,103,2020-50,0.014,92021
China,CHN,Asia,1439323774,cases,3029,2020-51,0.218,95050
China,CHN,Asia,1439323774,cases,245,2020-52,0.227,95295
China,CHN,Asia,1439323774,cases,918,2020-53,0.081,96213
China,CHN,Asia,1439323774,cases,611,2021-01,0.106,96824
China,CHN,Asia,1439323774,cases,1115,2021-02,0.12,97939
China,CHN,Asia,1439323774,cases,1308,2021-03,0.168,99247
China,CHN,Asia,1439323774,cases,816,2021-04,0.148,100063
China,CHN,Asia,1439323774,cases,325,2021-05,0.079,100388
China,CHN,Asia,1439323774,cases,211,2021-06,0.037,100599
China,CHN,Asia,1439323774,cases,175,2021-07,0.027,100774
China,CHN,Asia,1439323774,cases,191,2021-08,0.025,100965
China,CHN,Asia,1439323774,cases,167,2021-09,0.025,101132
China,CHN,Asia,1439323774,cases,241,2021-10,0.028,101373
China,CHN,Asia,1439323774,cases,178,2021-11,0.029,101551
China,CHN,Asia,1439323774,cases,125,2021-12,0.021,101676
China,CHN,Asia,1439323774,cases,184,2021-13,0.021,101860
China,CHN,Asia,1439323774,cases,196,2021-14,0.026,102056
China,CHN,Asia,1439323774,cases,186,2021-15,0.027,102242
China,CHN,Asia,1439323774,deaths,0,2020-01,,0
China,CHN,Asia,1439323774,deaths,1,2020-02,0.001,1
China,CHN,Asia,1439323774,deaths,2,2020-03,0.002,3
China,CHN,Asia,1439323774,deaths,78,2020-04,0.056,81
China,CHN,Asia,1439323774,deaths,280,2020-05,0.249,361
China,CHN,Asia,1439323774,deaths,548,2020-06,0.575,909
China,CHN,Asia,1439323774,deaths,862,2020-07,0.98,1771
China,CHN,Asia,1439323774,deaths,824,2020-08,1.171,2595
China,CHN,Asia,1439323774,deaths,319,2020-09,0.794,2914
China,CHN,Asia,1439323774,deaths,208,2020-10,0.366,3122
China,CHN,Asia,1439323774,deaths,94,2020-11,0.21,3216
China,CHN,Asia,1439323774,deaths,58,2020-12,0.106,3274
China,CHN,Asia,1439323774,deaths,32,2020-13,0.063,3306
China,CHN,Asia,1439323774,deaths,29,2020-14,0.042,3335
China,CHN,Asia,1439323774,deaths,10,2020-15,0.027,3345
China,CHN,Asia,1439323774,deaths,1291,2020-16,0.904,4636
China,CHN,Asia,1439323774,deaths,1,2020-17,0.898,4637
China,CHN,Asia,1439323774,deaths,0,2020-18,0.001,4637
China,CHN,Asia,1439323774,deaths,0,2020-19,0,4637
China,CHN,Asia,1439323774,deaths,1,2020-20,0.001,4638
China,CHN,Asia,1439323774,deaths,0,2020-21,0.001,4638
China,CHN,Asia,1439323774,deaths,0,2020-22,0,4638
China,CHN,Asia,1439323774,deaths,0,2020-23,0,4638
China,CHN,Asia,1439323774,deaths,0,2020-24,0,4638
China,CHN,Asia,1439323774,deaths,1,2020-25,0.001,4639
China,CHN,Asia,1439323774,deaths,2,2020-26,0.002,4641
China,CHN,Asia,1439323774,deaths,0,2020-27,0.001,4641
China,CHN,Asia,1439323774,deaths,0,2020-28,0,4641
China,CHN,Asia,1439323774,deaths,5,2020-29,0.003,4646
China,CHN,Asia,1439323774,deaths,6,2020-30,0.008,4652
China,CHN,Asia,1439323774,deaths,17,2020-31,0.016,4669
China,CHN,Asia,1439323774,deaths,17,2020-32,0.024,4686
China,CHN,Asia,1439323774,deaths,17,2020-33,0.024,4703
China,CHN,Asia,1439323774,deaths,8,2020-34,0.017,4711
China,CHN,Asia,1439323774,deaths,11,2020-35,0.013,4722
China,CHN,Asia,1439323774,deaths,8,2020-36,0.013,4730
China,CHN,Asia,1439323774,deaths,4,2020-37,0.008,4734
China,CHN,Asia,1439323774,deaths,3,2020-38,0.005,4737
China,CHN,Asia,1439323774,deaths,2,2020-39,0.003,4739
China,CHN,Asia,1439323774,deaths,0,2020-40,0.001,4739
China,CHN,Asia,1439323774,deaths,0,2020-41,0,4739
China,CHN,Asia,1439323774,deaths,0,2020-42,0,4739
China,CHN,Asia,1439323774,deaths,0,2020-43,0,4739
China,CHN,Asia,1439323774,deaths,0,2020-44,0,4739
China,CHN,Asia,1439323774,deaths,0,2020-45,0,4739
China,CHN,Asia,1439323774,deaths,0,2020-46,0,4739
China,CHN,Asia,1439323774,deaths,0,2020-47,0,4739
China,CHN,Asia,1439323774,deaths,0,2020-48,0,4739
China,CHN,Asia,1439323774,deaths,0,2020-49,0,4739
China,CHN,Asia,1439323774,deaths,0,2020-50,0,4739
China,CHN,Asia,1439323774,deaths,25,2020-51,0.017,4764
China,CHN,Asia,1439323774,deaths,7,2020-52,0.022,4771
China,CHN,Asia,1439323774,deaths,14,2020-53,0.015,4785
China,CHN,Asia,1439323774,deaths,2,2021-01,0.011,4787
China,CHN,Asia,1439323774,deaths,10,2021-02,0.008,4797
China,CHN,Asia,1439323774,deaths,7,2021-03,0.012,4804
China,CHN,Asia,1439323774,deaths,13,2021-04,0.014,4817
China,CHN,Asia,1439323774,deaths,5,2021-05,0.013,4822
China,CHN,Asia,1439323774,deaths,7,2021-06,0.008,4829
China,CHN,Asia,1439323774,deaths,4,2021-07,0.008,4833
China,CHN,Asia,1439323774,deaths,2,2021-08,0.004,4835
China,CHN,Asia,1439323774,deaths,3,2021-09,0.003,4838
China,CHN,Asia,1439323774,deaths,1,2021-10,0.003,4839
China,CHN,Asia,1439323774,deaths,0,2021-11,0.001,4839
China,CHN,Asia,1439323774,deaths,2,2021-12,0.001,4841
China,CHN,Asia,1439323774,deaths,0,2021-13,0.001,4841
China,CHN,Asia,1439323774,deaths,2,2021-14,0.001,4843
China,CHN,Asia,1439323774,deaths,2,2021-15,0.003,4845
France,FRA,Europe,67320216,cases,0,2020-01,,0
France,FRA,Europe,67320216,cases,0,2020-02,0,0
France,FRA,Europe,67320216,cases,0,2020-03,0,0
France,FRA,Europe,67320216,cases,3,2020-04,0.004,3
France,FRA,Europe,67320216,cases,3,2020-05,0.009,6
France,FRA,Europe,67320216,cases,5,2020-06,0.012,11
France,FRA,Europe,67320216,cases,1,2020-07,0.009,12
France,FRA,Europe,67320216,cases,0,2020-08,0.001,12
France,FRA,Europe,67320216,cases,118,2020-09,0.175,130
France,FRA,Europe,67320216,cases,996,2020-10,1.655,1126
France,FRA,Europe,67320216,cases,4297,2020-11,7.862,5423
France,FRA,Europe,67320216,cases,10595,2020-12,22.121,16018
France,FRA,Europe,67320216,cases,24156,2020-13,51.62,40174
France,FRA,Europe,67320216,cases,30304,2020-14,80.897,70478
France,FRA,Europe,67320216,cases,24925,2020-15,82.039,95403
France,FRA,Europe,67320216,cases,17203,2020-16,62.579,112606
France,FRA,Europe,67320216,cases,11969,2020-17,43.333,124575
France,FRA,Europe,67320216,cases,6712,2020-18,27.749,131287
France,FRA,Europe,67320216,cases,7776,2020-19,21.521,139063
France,FRA,Europe,67320216,cases,3348,2020-20,16.524,142411
France,FRA,Europe,67320216,cases,2510,2020-21,8.702,144921
France,FRA,Europe,67320216,cases,6832,2020-22,13.877,151753
France,FRA,Europe,67320216,cases,2224,2020-23,13.452,153977
France,FRA,Europe,67320216,cases,3243,2020-24,8.121,157220
France,FRA,Europe,67320216,cases,3157,2020-25,9.507,160377
France,FRA,Europe,67320216,cases,2559,2020-26,8.491,162936
France,FRA,Europe,67320216,cases,4024,2020-27,9.779,166960
France,FRA,Europe,67320216,cases,3792,2020-28,11.61,170752
France,FRA,Europe,67320216,cases,3922,2020-29,11.459,174674
France,FRA,Europe,67320216,cases,5854,2020-30,14.522,180528
France,FRA,Europe,67320216,cases,7391,2020-31,19.675,187919
France,FRA,Europe,67320216,cases,10002,2020-32,25.836,197921
France,FRA,Europe,67320216,cases,20615,2020-33,45.48,218536
France,FRA,Europe,67320216,cases,24363,2020-34,66.812,242899
France,FRA,Europe,67320216,cases,35044,2020-35,88.245,277943
France,FRA,Europe,67320216,cases,46834,2020-36,121.625,324777
France,FRA,Europe,67320216,cases,56317,2020-37,153.224,381094
France,FRA,Europe,67320216,cases,72669,2020-38,191.601,453763
France,FRA,Europe,67320216,cases,84806,2020-39,233.919,538569
France,FRA,Europe,67320216,cases,80601,2020-40,245.702,619170
France,FRA,Europe,67320216,cases,115804,2020-41,291.747,734974
France,FRA,Europe,67320216,cases,162060,2020-42,412.75,897034
France,FRA,Europe,67320216,cases,241473,2020-43,599.423,1138507
France,FRA,Europe,67320216,cases,275408,2020-44,767.795,1413915
France,FRA,Europe,67320216,cases,373409,2020-45,963.777,1787324
France,FRA,Europe,67320216,cases,194503,2020-46,843.598,1981827
France,FRA,Europe,67320216,cases,158381,2020-47,524.187,2140208
France,FRA,Europe,67320216,cases,78275,2020-48,351.538,2218483
France,FRA,Europe,67320216,cases,74014,2020-49,226.216,2292497
France,FRA,Europe,67320216,cases,84355,2020-50,235.247,2376852
France,FRA,Europe,67320216,cases,96502,2020-51,268.652,2473354
France,FRA,Europe,67320216,cases,89292,2020-52,275.985,2562646
France,FRA,Europe,67320216,cases,93082,2020-53,270.905,2655728
France,FRA,Europe,67320216,cases,127528,2021-01,327.702,2783256
France,FRA,Europe,67320216,cases,127733,2021-02,379.174,2910989
France,FRA,Europe,67320216,cases,142628,2021-03,401.604,3053617
France,FRA,Europe,67320216,cases,143497,2021-04,425.021,3197114
France,FRA,Europe,67320216,cases,139934,2021-05,421.019,3337048
France,FRA,Europe,67320216,cases,128115,2021-06,398.17,3465163
France,FRA,Europe,67320216,cases,140018,2021-07,398.295,3605181
France,FRA,Europe,67320216,cases,150787,2021-08,431.973,3755968
France,FRA,Europe,67320216,cases,148265,2021-09,444.223,3904233
France,FRA,Europe,67320216,cases,167429,2021-10,468.944,4071662
France,FRA,Europe,67320216,cases,210941,2021-11,562.045,4282603
France,FRA,Europe,67320216,cases,262986,2021-12,703.989,4545589
France,FRA,Europe,67320216,cases,276881,2021-13,801.939,4822470
France,FRA,Europe,67320216,cases,236210,2021-14,762.165,5058680
France,FRA,Europe,67320216,cases,230846,2021-15,693.783,5289526
France,FRA,Europe,67320216,deaths,0,2020-01,,0
France,FRA,Europe,67320216,deaths,0,2020-02,0,0
France,FRA,Europe,67320216,deaths,0,2020-03,0,0
France,FRA,Europe,67320216,deaths,0,2020-04,0,0
France,FRA,Europe,67320216,deaths,0,2020-05,0,0
France,FRA,Europe,67320216,deaths,0,2020-06,0,0
France,FRA,Europe,67320216,deaths,1,2020-07,0.015,1
France,FRA,Europe,67320216,deaths,0,2020-08,0.015,1
France,FRA,Europe,67320216,deaths,1,2020-09,0.015,2
France,FRA,Europe,67320216,deaths,17,2020-10,0.267,19
France,FRA,Europe,67320216,deaths,108,2020-11,1.857,127
France,FRA,Europe,67320216,deaths,547,2020-12,9.73,674
France,FRA,Europe,67320216,deaths,1932,2020-13,36.824,2606
France,FRA,Europe,67320216,deaths,5472,2020-14,109.982,8078
France,FRA,Europe,67320216,deaths,6315,2020-15,175.089,14393
France,FRA,Europe,67320216,deaths,5325,2020-16,172.905,19718
France,FRA,Europe,67320216,deaths,3138,2020-17,125.713,22856
France,FRA,Europe,67320216,deaths,2039,2020-18,76.901,24895
France,FRA,Europe,67320216,deaths,1485,2020-19,52.347,26380
France,FRA,Europe,67320216,deaths,1331,2020-20,41.83,27711
France,FRA,Europe,67320216,deaths,656,2020-21,29.516,28367
France,FRA,Europe,67320216,deaths,435,2020-22,16.206,28802
France,FRA,Europe,67320216,deaths,353,2020-23,11.705,29155
France,FRA,Europe,67320216,deaths,252,2020-24,8.987,29407
France,FRA,Europe,67320216,deaths,233,2020-25,7.204,29640
France,FRA,Europe,67320216,deaths,138,2020-26,5.511,29778
France,FRA,Europe,67320216,deaths,115,2020-27,3.758,29893
France,FRA,Europe,67320216,deaths,111,2020-28,3.357,30004
France,FRA,Europe,67320216,deaths,148,2020-29,3.847,30152
France,FRA,Europe,67320216,deaths,40,2020-30,2.793,30192
France,FRA,Europe,67320216,deaths,73,2020-31,1.679,30265
France,FRA,Europe,67320216,deaths,59,2020-32,1.961,30324
France,FRA,Europe,67320216,deaths,86,2020-33,2.154,30410
France,FRA,Europe,67320216,deaths,103,2020-34,2.807,30513
France,FRA,Europe,67320216,deaths,93,2020-35,2.911,30606
France,FRA,Europe,67320216,deaths,95,2020-36,2.793,30701
France,FRA,Europe,67320216,deaths,215,2020-37,4.605,30916
France,FRA,Europe,67320216,deaths,369,2020-38,8.675,31285
France,FRA,Europe,67320216,deaths,442,2020-39,12.047,31727
France,FRA,Europe,67320216,deaths,503,2020-40,14.037,32230
France,FRA,Europe,67320216,deaths,500,2020-41,14.899,32730
France,FRA,Europe,67320216,deaths,747,2020-42,18.523,33477
France,FRA,Europe,67320216,deaths,1284,2020-43,30.169,34761
France,FRA,Europe,67320216,deaths,2258,2020-44,52.614,37019
France,FRA,Europe,67320216,deaths,3420,2020-45,84.343,40439
France,FRA,Europe,67320216,deaths,4109,2020-46,111.839,44548
France,FRA,Europe,67320216,deaths,4184,2020-47,123.187,48732
France,FRA,Europe,67320216,deaths,3593,2020-48,115.523,52325
France,FRA,Europe,67320216,deaths,2830,2020-49,95.41,55155
France,FRA,Europe,67320216,deaths,2756,2020-50,82.977,57911
France,FRA,Europe,67320216,deaths,2638,2020-51,80.125,60549
France,FRA,Europe,67320216,deaths,2560,2020-52,77.213,63109
France,FRA,Europe,67320216,deaths,1928,2020-53,66.666,65037
France,FRA,Europe,67320216,deaths,2713,2021-01,68.939,67750
France,FRA,Europe,67320216,deaths,2533,2021-02,77.926,70283
France,FRA,Europe,67320216,deaths,2766,2021-03,78.713,73049
France,FRA,Europe,67320216,deaths,3008,2021-04,85.769,76057
France,FRA,Europe,67320216,deaths,2908,2021-05,87.879,78965
France,FRA,Europe,67320216,deaths,2849,2021-06,85.517,81814
France,FRA,Europe,67320216,deaths,2492,2021-07,79.337,84306
France,FRA,Europe,67320216,deaths,2148,2021-08,68.924,86454
France,FRA,Europe,67320216,deaths,2146,2021-09,63.785,88600
France,FRA,Europe,67320216,deaths,1855,2021-10,59.432,90455
France,FRA,Europe,67320216,deaths,1850,2021-11,55.035,92305
France,FRA,Europe,67320216,deaths,2318,2021-12,61.913,94623
France,FRA,Europe,67320216,deaths,2055,2021-13,64.958,96678
France,FRA,Europe,67320216,deaths,2100,2021-14,61.72,98778
France,FRA,Europe,67320216,deaths,1984,2021-15,60.665,100762
Portugal,PRT,Europe,10295909,cases,30,2020-10,,30
Portugal,PRT,Europe,10295909,cases,215,2020-11,2.38,245
Portugal,PRT,Europe,10295909,cases,1355,2020-12,15.249,1600
Portugal,PRT,Europe,10295909,cases,4362,2020-13,55.527,5962
Portugal,PRT,Europe,10295909,cases,5316,2020-14,93.998,11278
Portugal,PRT,Europe,10295909,cases,5307,2020-15,103.177,16585
Portugal,PRT,Europe,10295909,cases,3621,2020-16,86.714,20206
Portugal,PRT,Europe,10295909,cases,3640,2020-17,70.523,23846
Portugal,PRT,Europe,10295909,cases,1678,2020-18,51.652,25524
Portugal,PRT,Europe,10295909,cases,2057,2020-19,36.277,27581
Portugal,PRT,Europe,10295909,cases,1455,2020-20,34.111,29036
Portugal,PRT,Europe,10295909,cases,1587,2020-21,29.546,30623
Portugal,PRT,Europe,10295909,cases,1877,2020-22,33.644,32500
Portugal,PRT,Europe,10295909,cases,1993,2020-23,37.588,34493
Portugal,PRT,Europe,10295909,cases,2197,2020-24,40.696,36690
Portugal,PRT,Europe,10295909,cases,2443,2020-25,45.066,39133
Portugal,PRT,Europe,10295909,cases,2513,2020-26,48.136,41646
Portugal,PRT,Europe,10295909,cases,2251,2020-27,46.271,43897
Portugal,PRT,Europe,10295909,cases,2615,2020-28,47.261,46512
Portugal,PRT,Europe,10295909,cases,2124,2020-29,46.028,48636
Portugal,PRT,Europe,10295909,cases,1528,2020-30,35.47,50164
Portugal,PRT,Europe,10295909,cases,1299,2020-31,27.458,51463
Portugal,PRT,Europe,10295909,cases,1205,2020-32,24.32,52668
Portugal,PRT,Europe,10295909,cases,1434,2020-33,25.632,54102
Portugal,PRT,Europe,10295909,cases,1495,2020-34,28.448,55597
Portugal,PRT,Europe,10295909,cases,2171,2020-35,35.606,57768
Portugal,PRT,Europe,10295909,cases,2490,2020-36,45.27,60258
Portugal,PRT,Europe,10295909,cases,3725,2020-37,60.364,63983
Portugal,PRT,Europe,10295909,cases,4594,2020-38,80.799,68577
Portugal,PRT,Europe,10295909,cases,5027,2020-39,93.445,73604
Portugal,PRT,Europe,10295909,cases,4643,2020-40,93.921,78247
Portugal,PRT,Europe,10295909,cases,8417,2020-41,126.846,86664
Portugal,PRT,Europe,10295909,cases,13247,2020-42,210.414,99911
Portugal,PRT,Europe,10295909,cases,18775,2020-43,311.017,118686
Portugal,PRT,Europe,10295909,cases,25655,2020-44,431.531,144341
Portugal,PRT,Europe,10295909,cases,34983,2020-45,588.952,179324
Portugal,PRT,Europe,10295909,cases,37977,2020-46,708.631,217301
Portugal,PRT,Europe,10295909,cases,43457,2020-47,790.936,260758
Portugal,PRT,Europe,10295909,cases,34041,2020-48,752.707,294799
Portugal,PRT,Europe,10295909,cases,27675,2020-49,599.423,322474
Portugal,PRT,Europe,10295909,cases,26270,2020-50,523.946,348744
Portugal,PRT,Europe,10295909,cases,25377,2020-51,501.626,374121
Portugal,PRT,Europe,10295909,cases,22545,2020-52,465.447,396666
Portugal,PRT,Europe,10295909,cases,34957,2020-53,558.494,431623
Portugal,PRT,Europe,10295909,cases,57670,2021-01,899.649,489293
Portugal,PRT,Europe,10295909,cases,67210,2021-02,1212.909,556503
Portugal,PRT,Europe,10295909,cases,86610,2021-03,1493.991,643113
Portugal,PRT,Europe,10295909,cases,83208,2021-04,1649.374,726321
Portugal,PRT,Europe,10295909,cases,41598,2021-05,1212.19,767919
Portugal,PRT,Europe,10295909,cases,19140,2021-06,589.924,787059
Portugal,PRT,Europe,10295909,cases,10466,2021-07,287.551,797525
Portugal,PRT,Europe,10295909,cases,7431,2021-08,173.826,804956
Portugal,PRT,Europe,10295909,cases,5503,2021-09,125.623,810459
Portugal,PRT,Europe,10295909,cases,4054,2021-10,92.823,814513
Portugal,PRT,Europe,10295909,cases,3265,2021-11,71.086,817778
Portugal,PRT,Europe,10295909,cases,2938,2021-12,60.247,820716
Portugal,PRT,Europe,10295909,cases,2778,2021-13,55.517,823494
Portugal,PRT,Europe,10295909,cases,4271,2021-14,68.464,827765
Portugal,PRT,Europe,10295909,cases,3456,2021-15,75.049,831221
Portugal,PRT,Europe,10295909,deaths,0,2020-10,,0
Portugal,PRT,Europe,10295909,deaths,0,2020-11,0,0
Portugal,PRT,Europe,10295909,deaths,14,2020-12,1.36,14
Portugal,PRT,Europe,10295909,deaths,105,2020-13,11.558,119
Portugal,PRT,Europe,10295909,deaths,176,2020-14,27.292,295
Portugal,PRT,Europe,10295909,deaths,209,2020-15,37.393,504
Portugal,PRT,Europe,10295909,deaths,210,2020-16,40.696,714
Portugal,PRT,Europe,10295909,deaths,214,2020-17,41.181,928
Portugal,PRT,Europe,10295909,deaths,135,2020-18,33.897,1063
Portugal,PRT,Europe,10295909,deaths,72,2020-19,20.105,1135
Portugal,PRT,Europe,10295909,deaths,83,2020-20,15.055,1218
Portugal,PRT,Europe,10295909,deaths,98,2020-21,17.58,1316
Portugal,PRT,Europe,10295909,deaths,94,2020-22,18.648,1410
Portugal,PRT,Europe,10295909,deaths,69,2020-23,15.832,1479
Portugal,PRT,Europe,10295909,deaths,38,2020-24,10.392,1517
Portugal,PRT,Europe,10295909,deaths,13,2020-25,4.953,1530
Portugal,PRT,Europe,10295909,deaths,34,2020-26,4.565,1564
Portugal,PRT,Europe,10295909,deaths,50,2020-27,8.159,1614
Portugal,PRT,Europe,10295909,deaths,46,2020-28,9.324,1660
Portugal,PRT,Europe,10295909,deaths,29,2020-29,7.284,1689
Portugal,PRT,Europe,10295909,deaths,28,2020-30,5.536,1717
Portugal,PRT,Europe,10295909,deaths,21,2020-31,4.759,1738
Portugal,PRT,Europe,10295909,deaths,18,2020-32,3.788,1756
Portugal,PRT,Europe,10295909,deaths,22,2020-33,3.885,1778
Portugal,PRT,Europe,10295909,deaths,18,2020-34,3.885,1796
Portugal,PRT,Europe,10295909,deaths,23,2020-35,3.982,1819
Portugal,PRT,Europe,10295909,deaths,21,2020-36,4.274,1840
Portugal,PRT,Europe,10295909,deaths,27,2020-37,4.662,1867
Portugal,PRT,Europe,10295909,deaths,45,2020-38,6.993,1912
Portugal,PRT,Europe,10295909,deaths,41,2020-39,8.353,1953
Portugal,PRT,Europe,10295909,deaths,42,2020-40,8.061,1995
Portugal,PRT,Europe,10295909,deaths,85,2020-41,12.335,2080
Portugal,PRT,Europe,10295909,deaths,101,2020-42,18.065,2181
Portugal,PRT,Europe,10295909,deaths,135,2020-43,22.922,2316
Portugal,PRT,Europe,10295909,deaths,228,2020-44,35.257,2544
Portugal,PRT,Europe,10295909,deaths,352,2020-45,56.333,2896
Portugal,PRT,Europe,10295909,deaths,485,2020-46,81.294,3381
Portugal,PRT,Europe,10295909,deaths,516,2020-47,97.223,3897
Portugal,PRT,Europe,10295909,deaths,530,2020-48,101.594,4427
Portugal,PRT,Europe,10295909,deaths,536,2020-49,103.536,4963
Portugal,PRT,Europe,10295909,deaths,596,2020-50,109.947,5559
Portugal,PRT,Europe,10295909,deaths,575,2020-51,113.734,6134
Portugal,PRT,Europe,10295909,deaths,543,2020-52,108.587,6677
Portugal,PRT,Europe,10295909,deaths,519,2020-53,103.148,7196
Portugal,PRT,Europe,10295909,deaths,729,2021-01,121.213,7925
Portugal,PRT,Europe,10295909,deaths,1103,2021-02,177.935,9028
Portugal,PRT,Europe,10295909,deaths,1693,2021-03,271.564,10721
Portugal,PRT,Europe,10295909,deaths,2036,2021-04,362.183,12757
Portugal,PRT,Europe,10295909,deaths,1597,2021-05,352.859,14354
Portugal,PRT,Europe,10295909,deaths,1057,2021-06,257.772,15411
Portugal,PRT,Europe,10295909,deaths,551,2021-07,156.179,15962
Portugal,PRT,Europe,10295909,deaths,389,2021-08,91.298,16351
Portugal,PRT,Europe,10295909,deaths,214,2021-09,58.567,16565
Portugal,PRT,Europe,10295909,deaths,129,2021-10,33.314,16694
Portugal,PRT,Europe,10295909,deaths,90,2021-11,21.271,16784
Portugal,PRT,Europe,10295909,deaths,59,2021-12,14.472,16843
Portugal,PRT,Europe,10295909,deaths,42,2021-13,9.81,16885
Portugal,PRT,Europe,10295909,deaths,33,2021-14,7.284,16918
Portugal,PRT,Europe,10295909,deaths,28,2021-15,5.925,16946
South Africa,ZAF,Africa,59308690,cases,3,2020-10,,3
South Africa,ZAF,Africa,59308690,cases,48,2020-11,0.086,51
South Africa,ZAF,Africa,59308690,cases,223,2020-12,0.457,274
South Africa,ZAF,Africa,59308690,cases,1006,2020-13,2.072,1280
South Africa,ZAF,Africa,59308690,cases,375,2020-14,2.328,1655
South Africa,ZAF,Africa,59308690,cases,518,2020-15,1.506,2173
South Africa,ZAF,Africa,59308690,cases,985,2020-16,2.534,3158
South Africa,ZAF,Africa,59308690,cases,1388,2020-17,4.001,4546
South Africa,ZAF,Africa,59308690,cases,2237,2020-18,6.112,6783
South Africa,ZAF,Africa,59308690,cases,3232,2020-19,9.221,10015
South Africa,ZAF,Africa,59308690,cases,5500,2020-20,14.723,15515
South Africa,ZAF,Africa,59308690,cases,7068,2020-21,21.191,22583
South Africa,ZAF,Africa,59308690,cases,10100,2020-22,28.947,32683
South Africa,ZAF,Africa,59308690,cases,15602,2020-23,43.336,48285
South Africa,ZAF,Africa,59308690,cases,21753,2020-24,62.984,70038
South Africa,ZAF,Africa,59308690,cases,27264,2020-25,82.647,97302
South Africa,ZAF,Africa,59308690,cases,40832,2020-26,114.816,138134
South Africa,ZAF,Africa,59308690,cases,58616,2020-27,167.679,196750
South Africa,ZAF,Africa,59308690,cases,79492,2020-28,232.863,276242
South Africa,ZAF,Africa,59308690,cases,88086,2020-29,282.552,364328
South Africa,ZAF,Africa,59308690,cases,81105,2020-30,285.272,445433
South Africa,ZAF,Africa,59308690,cases,66052,2020-31,248.12,511485
South Africa,ZAF,Africa,59308690,cases,48373,2020-32,192.931,559858
South Africa,ZAF,Africa,59308690,cases,27487,2020-33,127.907,587345
South Africa,ZAF,Africa,59308690,cases,22428,2020-34,84.161,609773
South Africa,ZAF,Africa,59308690,cases,15283,2020-35,63.584,625056
South Africa,ZAF,Africa,59308690,cases,13461,2020-36,48.465,638517
South Africa,ZAF,Africa,59308690,cases,11276,2020-37,41.709,649793
South Africa,ZAF,Africa,59308690,cases,11418,2020-38,38.264,661211
South Africa,ZAF,Africa,59308690,cases,9555,2020-39,35.362,670766
South Africa,ZAF,Africa,59308690,cases,10523,2020-40,33.853,681289
South Africa,ZAF,Africa,59308690,cases,11182,2020-41,36.597,692471
South Africa,ZAF,Africa,59308690,cases,11322,2020-42,37.944,703793
South Africa,ZAF,Africa,59308690,cases,12075,2020-43,39.45,715868
South Africa,ZAF,Africa,59308690,cases,10955,2020-44,38.831,726823
South Africa,ZAF,Africa,59308690,cases,10455,2020-45,36.099,737278
South Africa,ZAF,Africa,59308690,cases,13746,2020-46,40.805,751024
South Africa,ZAF,Africa,59308690,cases,16655,2020-47,51.259,767679
South Africa,ZAF,Africa,59308690,cases,20023,2020-48,61.843,787702
South Africa,ZAF,Africa,59308690,cases,26863,2020-49,79.054,814565
South Africa,ZAF,Africa,59308690,cases,46399,2020-50,123.527,860964
South Africa,ZAF,Africa,59308690,cases,60958,2020-51,181.014,921922
South Africa,ZAF,Africa,59308690,cases,89949,2020-52,254.443,1011871
South Africa,ZAF,Africa,59308690,cases,88877,2020-53,301.517,1100748
South Africa,ZAF,Africa,59308690,cases,130849,2021-01,370.479,1231597
South Africa,ZAF,Africa,59308690,cases,106329,2021-02,399.904,1337926
South Africa,ZAF,Africa,59308690,cases,75060,2021-03,305.839,1412986
South Africa,ZAF,Africa,59308690,cases,43323,2021-04,199.605,1456309
South Africa,ZAF,Africa,59308690,cases,19826,2021-05,106.475,1476135
South Africa,ZAF,Africa,59308690,cases,15672,2021-06,59.853,1491807
South Africa,ZAF,Africa,59308690,cases,11989,2021-07,46.639,1503796
South Africa,ZAF,Africa,59308690,cases,8429,2021-08,34.427,1512225
South Africa,ZAF,Africa,59308690,cases,7981,2021-09,27.669,1520206
South Africa,ZAF,Africa,59308690,cases,9214,2021-10,28.992,1529420
South Africa,ZAF,Africa,59308690,cases,8432,2021-11,29.753,1537852
South Africa,ZAF,Africa,59308690,cases,7579,2021-12,26.996,1545431
South Africa,ZAF,Africa,59308690,cases,6533,2021-13,23.794,1551964
South Africa,ZAF,Africa,59308690,cases,6494,2021-14,21.965,1558458
South Africa,ZAF,Africa,59308690,cases,8311,2021-15,24.963,1566769
South Africa,ZAF,Africa,59308690,deaths,0,2020-10,,0
South Africa,ZAF,Africa,59308690,deaths,0,2020-11,0,0
South Africa,ZAF,Africa,59308690,deaths,0,2020-12,0,0
South Africa,ZAF,Africa,59308690,deaths,2,2020-13,0.034,2
South Africa,ZAF,Africa,59308690,deaths,9,2020-14,0.185,11
South Africa,ZAF,Africa,59308690,deaths,14,2020-15,0.388,25
South Africa,ZAF,Africa,59308690,deaths,29,2020-16,0.725,54
South Africa,ZAF,Africa,59308690,deaths,33,2020-17,1.045,87
South Africa,ZAF,Africa,59308690,deaths,44,2020-18,1.298,131
South Africa,ZAF,Africa,59308690,deaths,63,2020-19,1.804,194
South Africa,ZAF,Africa,59308690,deaths,70,2020-20,2.243,264
South Africa,ZAF,Africa,59308690,deaths,165,2020-21,3.962,429
South Africa,ZAF,Africa,59308690,deaths,254,2020-22,7.065,683
South Africa,ZAF,Africa,59308690,deaths,315,2020-23,9.594,998
South Africa,ZAF,Africa,59308690,deaths,482,2020-24,13.438,1480
South Africa,ZAF,Africa,59308690,deaths,450,2020-25,15.714,1930
South Africa,ZAF,Africa,59308690,deaths,526,2020-26,16.456,2456
South Africa,ZAF,Africa,59308690,deaths,743,2020-27,21.397,3199
South Africa,ZAF,Africa,59308690,deaths,880,2020-28,27.365,4079
South Africa,ZAF,Africa,59308690,deaths,954,2020-29,30.923,5033
South Africa,ZAF,Africa,59308690,deaths,1736,2020-30,45.356,6769
South Africa,ZAF,Africa,59308690,deaths,1597,2020-31,56.197,8366
South Africa,ZAF,Africa,59308690,deaths,2042,2020-32,61.357,10408
South Africa,ZAF,Africa,59308690,deaths,1431,2020-33,58.558,11839
South Africa,ZAF,Africa,59308690,deaths,1220,2020-34,44.698,13059
South Africa,ZAF,Africa,59308690,deaths,969,2020-35,36.909,14028
South Africa,ZAF,Africa,59308690,deaths,861,2020-36,30.856,14889
South Africa,ZAF,Africa,59308690,deaths,558,2020-37,23.926,15447
South Africa,ZAF,Africa,59308690,deaths,506,2020-38,17.94,15953
South Africa,ZAF,Africa,59308690,deaths,445,2020-39,16.035,16398
South Africa,ZAF,Africa,59308690,deaths,578,2020-40,17.249,16976
South Africa,ZAF,Africa,59308690,deaths,804,2020-41,23.302,17780
South Africa,ZAF,Africa,59308690,deaths,691,2020-42,25.207,18471
South Africa,ZAF,Africa,59308690,deaths,497,2020-43,20.031,18968
South Africa,ZAF,Africa,59308690,deaths,443,2020-44,15.849,19411
South Africa,ZAF,Africa,59308690,deaths,398,2020-45,14.18,19809
South Africa,ZAF,Africa,59308690,deaths,432,2020-46,13.995,20241
South Africa,ZAF,Africa,59308690,deaths,662,2020-47,18.446,20903
South Africa,ZAF,Africa,59308690,deaths,574,2020-48,20.84,21477
South Africa,ZAF,Africa,59308690,deaths,729,2020-49,21.97,22206
South Africa,ZAF,Africa,59308690,deaths,1070,2020-50,30.333,23276
South Africa,ZAF,Africa,59308690,deaths,1415,2020-51,41.899,24691
South Africa,ZAF,Africa,59308690,deaths,2380,2020-52,63.987,27071
South Africa,ZAF,Africa,59308690,deaths,2506,2020-53,82.383,29577
South Africa,ZAF,Africa,59308690,deaths,3586,2021-01,102.717,33163
South Africa,ZAF,Africa,59308690,deaths,3942,2021-02,126.929,37105
South Africa,ZAF,Africa,59308690,deaths,3769,2021-03,130.015,40874
South Africa,ZAF,Africa,59308690,deaths,3525,2021-04,122.984,44399
South Africa,ZAF,Africa,59308690,deaths,1891,2021-05,91.319,46290
South Africa,ZAF,Africa,59308690,deaths,1609,2021-06,59.013,47899
South Africa,ZAF,Africa,59308690,deaths,1154,2021-07,46.587,49053
South Africa,ZAF,Africa,59308690,deaths,888,2021-08,34.43,49941
South Africa,ZAF,Africa,59308690,deaths,706,2021-09,26.876,50647
South Africa,ZAF,Africa,59308690,deaths,679,2021-10,23.352,51326
South Africa,ZAF,Africa,59308690,deaths,785,2021-11,24.684,52111
South Africa,ZAF,Africa,59308690,deaths,552,2021-12,22.543,52663
South Africa,ZAF,Africa,59308690,deaths,324,2021-13,14.77,52987
South Africa,ZAF,Africa,59308690,deaths,335,2021-14,11.111,53322
South Africa,ZAF,Africa,59308690,deaths,414,2021-15,12.629,53736
Thailand,THA,Asia,69799978,cases,0,2020-01,,0
Thailand,THA,Asia,69799978,cases,1,2020-02,0.001,1
Thailand,THA,Asia,69799978,cases,1,2020-03,0.003,2
Thailand,THA,Asia,69799978,cases,6,2020-04,0.01,8
Thailand,THA,Asia,69799978,cases,11,2020-05,0.024,19
Thailand,THA,Asia,69799978,cases,13,2020-06,0.034,32
Thailand,THA,Asia,69799978,cases,2,2020-07,0.021,34
Thailand,THA,Asia,69799978,cases,1,2020-08,0.004,35
Thailand,THA,Asia,69799978,cases,8,2020-09,0.013,43
Thailand,THA,Asia,69799978,cases,7,2020-10,0.021,50
Thailand,THA,Asia,69799978,cases,64,2020-11,0.102,114
Thailand,THA,Asia,69799978,cases,607,2020-12,0.961,721
Thailand,THA,Asia,69799978,cases,667,2020-13,1.825,1388
Thailand,THA,Asia,69799978,cases,832,2020-14,2.148,2220
Thailand,THA,Asia,69799978,cases,359,2020-15,1.706,2579
Thailand,THA,Asia,69799978,cases,186,2020-16,0.781,2765
Thailand,THA,Asia,69799978,cases,157,2020-17,0.491,2922
Thailand,THA,Asia,69799978,cases,47,2020-18,0.292,2969
Thailand,THA,Asia,69799978,cases,46,2020-19,0.133,3015
Thailand,THA,Asia,69799978,cases,13,2020-20,0.085,3028
Thailand,THA,Asia,69799978,cases,14,2020-21,0.039,3042
Thailand,THA,Asia,69799978,cases,39,2020-22,0.076,3081
Thailand,THA,Asia,69799978,cases,38,2020-23,0.11,3119
Thailand,THA,Asia,69799978,cases,16,2020-24,0.077,3135
Thailand,THA,Asia,69799978,cases,13,2020-25,0.042,3148
Thailand,THA,Asia,69799978,cases,14,2020-26,0.039,3162
Thailand,THA,Asia,69799978,cases,33,2020-27,0.067,3195
Thailand,THA,Asia,69799978,cases,25,2020-28,0.083,3220
Thailand,THA,Asia,69799978,cases,30,2020-29,0.079,3250
Thailand,THA,Asia,69799978,cases,45,2020-30,0.107,3295
Thailand,THA,Asia,69799978,cases,25,2020-31,0.1,3320
Thailand,THA,Asia,69799978,cases,31,2020-32,0.08,3351
Thailand,THA,Asia,69799978,cases,27,2020-33,0.083,3378
Thailand,THA,Asia,69799978,cases,19,2020-34,0.066,3397
Thailand,THA,Asia,69799978,cases,15,2020-35,0.049,3412
Thailand,THA,Asia,69799978,cases,33,2020-36,0.069,3445
Thailand,THA,Asia,69799978,cases,30,2020-37,0.09,3475
Thailand,THA,Asia,69799978,cases,31,2020-38,0.087,3506
Thailand,THA,Asia,69799978,cases,39,2020-39,0.1,3545
Thailand,THA,Asia,69799978,cases,45,2020-40,0.12,3590
Thailand,THA,Asia,69799978,cases,51,2020-41,0.138,3641
Thailand,THA,Asia,69799978,cases,50,2020-42,0.145,3691
Thailand,THA,Asia,69799978,cases,52,2020-43,0.146,3743
Thailand,THA,Asia,69799978,cases,44,2020-44,0.138,3787
Thailand,THA,Asia,69799978,cases,53,2020-45,0.139,3840
Thailand,THA,Asia,69799978,cases,35,2020-46,0.126,3875
Thailand,THA,Asia,69799978,cases,38,2020-47,0.105,3913
Thailand,THA,Asia,69799978,cases,64,2020-48,0.146,3977
Thailand,THA,Asia,69799978,cases,130,2020-49,0.278,4107
Thailand,THA,Asia,69799978,cases,130,2020-50,0.372,4237
Thailand,THA,Asia,69799978,cases,670,2020-51,1.146,4907
Thailand,THA,Asia,69799978,cases,1378,2020-52,2.934,6285
Thailand,THA,Asia,69799978,cases,2154,2020-53,5.06,8439
Thailand,THA,Asia,69799978,cases,2108,2021-01,6.106,10547
Thailand,THA,Asia,69799978,cases,1876,2021-02,5.708,12423
Thailand,THA,Asia,69799978,cases,1264,2021-03,4.499,13687
Thailand,THA,Asia,69799978,cases,5931,2021-04,10.308,19618
Thailand,THA,Asia,69799978,cases,3939,2021-05,14.14,23557
Thailand,THA,Asia,69799978,cases,1157,2021-06,7.301,24714
Thailand,THA,Asia,69799978,cases,790,2021-07,2.789,25504
Thailand,THA,Asia,69799978,cases,527,2021-08,1.887,26031
Thailand,THA,Asia,69799978,cases,410,2021-09,1.342,26441
Thailand,THA,Asia,69799978,cases,564,2021-10,1.395,27005
Thailand,THA,Asia,69799978,cases,871,2021-11,2.056,27876
Thailand,THA,Asia,69799978,cases,897,2021-12,2.533,28773
Thailand,THA,Asia,69799978,cases,354,2021-13,1.792,29127
Thailand,THA,Asia,69799978,cases,4483,2021-14,6.93,33610
Thailand,THA,Asia,69799978,cases,10132,2021-15,20.938,43742
Thailand,THA,Asia,69799978,deaths,0,2020-01,,0
Thailand,THA,Asia,69799978,deaths,0,2020-02,0,0
Thailand,THA,Asia,69799978,deaths,0,2020-03,0,0
Thailand,THA,Asia,69799978,deaths,0,2020-04,0,0
Thailand,THA,Asia,69799978,deaths,0,2020-05,0,0
Thailand,THA,Asia,69799978,deaths,0,2020-06,0,0
Thailand,THA,Asia,69799978,deaths,0,2020-07,0,0
Thailand,THA,Asia,69799978,deaths,0,2020-08,0,0
Thailand,THA,Asia,69799978,deaths,1,2020-09,0.014,1
Thailand,THA,Asia,69799978,deaths,0,2020-10,0.014,1
Thailand,THA,Asia,69799978,deaths,0,2020-11,0,1
Thailand,THA,Asia,69799978,deaths,0,2020-12,0,1
Thailand,THA,Asia,69799978,deaths,6,2020-13,0.086,7
Thailand,THA,Asia,69799978,deaths,19,2020-14,0.358,26
Thailand,THA,Asia,69799978,deaths,14,2020-15,0.473,40
Thailand,THA,Asia,69799978,deaths,7,2020-16,0.301,47
Thailand,THA,Asia,69799978,deaths,4,2020-17,0.158,51
Thailand,THA,Asia,69799978,deaths,3,2020-18,0.1,54
Thailand,THA,Asia,69799978,deaths,2,2020-19,0.072,56
Thailand,THA,Asia,69799978,deaths,0,2020-20,0.029,56
Thailand,THA,Asia,69799978,deaths,1,2020-21,0.014,57
Thailand,THA,Asia,69799978,deaths,0,2020-22,0.014,57
Thailand,THA,Asia,69799978,deaths,1,2020-23,0.014,58
Thailand,THA,Asia,69799978,deaths,0,2020-24,0.014,58
Thailand,THA,Asia,69799978,deaths,0,2020-25,0,58
Thailand,THA,Asia,69799978,deaths,0,2020-26,0,58
Thailand,THA,Asia,69799978,deaths,0,2020-27,0,58
Thailand,THA,Asia,69799978,deaths,0,2020-28,0,58
Thailand,THA,Asia,69799978,deaths,0,2020-29,0,58
Thailand,THA,Asia,69799978,deaths,0,2020-30,0,58
Thailand,THA,Asia,69799978,deaths,0,2020-31,0,58
Thailand,THA,Asia,69799978,deaths,0,2020-32,0,58
Thailand,THA,Asia,69799978,deaths,0,2020-33,0,58
Thailand,THA,Asia,69799978,deaths,0,2020-34,0,58
Thailand,THA,Asia,69799978,deaths,0,2020-35,0,58
Thailand,THA,Asia,69799978,deaths,0,2020-36,0,58
Thailand,THA,Asia,69799978,deaths,0,2020-37,0,58
Thailand,THA,Asia,69799978,deaths,1,2020-38,0.014,59
Thailand,THA,Asia,69799978,deaths,0,2020-39,0.014,59
Thailand,THA,Asia,69799978,deaths,0,2020-40,0,59
Thailand,THA,Asia,69799978,deaths,0,2020-41,0,59
Thailand,THA,Asia,69799978,deaths,0,2020-42,0,59
Thailand,THA,Asia,69799978,deaths,0,2020-43,0,59
Thailand,THA,Asia,69799978,deaths,0,2020-44,0,59
Thailand,THA,Asia,69799978,deaths,1,2020-45,0.014,60
Thailand,THA,Asia,69799978,deaths,0,2020-46,0.014,60
Thailand,THA,Asia,69799978,deaths,0,2020-47,0,60
Thailand,THA,Asia,69799978,deaths,0,2020-48,0,60
Thailand,THA,Asia,69799978,deaths,0,2020-49,0,60
Thailand,THA,Asia,69799978,deaths,0,2020-50,0,60
Thailand,THA,Asia,69799978,deaths,0,2020-51,0,60
Thailand,THA,Asia,69799978,deaths,0,2020-52,0,60
Thailand,THA,Asia,69799978,deaths,5,2020-53,0.072,65
Thailand,THA,Asia,69799978,deaths,2,2021-01,0.1,67
Thailand,THA,Asia,69799978,deaths,3,2021-02,0.072,70
Thailand,THA,Asia,69799978,deaths,5,2021-03,0.115,75
Thailand,THA,Asia,69799978,deaths,2,2021-04,0.1,77
Thailand,THA,Asia,69799978,deaths,2,2021-05,0.057,79
Thailand,THA,Asia,69799978,deaths,3,2021-06,0.072,82
Thailand,THA,Asia,69799978,deaths,1,2021-07,0.057,83
Thailand,THA,Asia,69799978,deaths,0,2021-08,0.014,83
Thailand,THA,Asia,69799978,deaths,2,2021-09,0.029,85
Thailand,THA,Asia,69799978,deaths,2,2021-10,0.057,87
Thailand,THA,Asia,69799978,deaths,4,2021-11,0.086,91
Thailand,THA,Asia,69799978,deaths,3,2021-12,0.1,94
Thailand,THA,Asia,69799978,deaths,1,2021-13,0.057,95
Thailand,THA,Asia,69799978,deaths,2,2021-14,0.043,97
Thailand,THA,Asia,69799978,deaths,7,2021-15,0.129,104
United States Of America,USA,America,331002647,cases,0,2020-01,,0
United States Of America,USA,America,331002647,cases,0,2020-02,0,0
United States Of America,USA,America,331002647,cases,0,2020-03,0,0
United States Of America,USA,America,331002647,cases,5,2020-04,0.002,5
United States Of America,USA,America,331002647,cases,6,2020-05,0.003,11
United States Of America,USA,America,331002647,cases,1,2020-06,0.002,12
United States Of America,USA,America,331002647,cases,3,2020-07,0.001,15
United States Of America,USA,America,331002647,cases,20,2020-08,0.007,35
United States Of America,USA,America,331002647,cases,54,2020-09,0.022,89
United States Of America,USA,America,331002647,cases,465,2020-10,0.157,554
United States Of America,USA,America,331002647,cases,3220,2020-11,1.113,3774
United States Of America,USA,America,331002647,cases,31432,2020-12,10.469,35206
United States Of America,USA,America,331002647,cases,107819,2020-13,42.069,143025
United States Of America,USA,America,331002647,cases,194610,2020-14,91.368,337635
United States Of America,USA,America,331002647,cases,219936,2020-15,125.239,557571
United States Of America,USA,America,331002647,cases,202116,2020-16,127.507,759687
United States Of America,USA,America,331002647,cases,206223,2020-17,123.364,965910
United States Of America,USA,America,331002647,cases,192131,2020-18,120.348,1158041
United States Of America,USA,America,331002647,cases,171758,2020-19,109.935,1329799
United States Of America,USA,America,331002647,cases,156958,2020-20,99.309,1486757
United States Of America,USA,America,331002647,cases,156481,2020-21,94.694,1643238
United States Of America,USA,America,331002647,cases,146953,2020-22,91.671,1790191
United States Of America,USA,America,331002647,cases,152172,2020-23,90.369,1942363
United States Of America,USA,America,331002647,cases,151706,2020-24,91.805,2094069
United States Of America,USA,America,331002647,cases,186843,2020-25,102.28,2280912
United States Of America,USA,America,331002647,cases,268084,2020-26,137.439,2548996
United States Of America,USA,America,331002647,cases,339639,2020-27,183.601,2888635
United States Of America,USA,America,331002647,cases,416307,2020-28,228.381,3304942
United States Of America,USA,America,331002647,cases,468318,2020-29,267.256,3773260
United States Of America,USA,America,331002647,cases,460760,2020-30,280.686,4234020
United States Of America,USA,America,331002647,cases,433935,2020-31,270.298,4667955
United States Of America,USA,America,331002647,cases,376909,2020-32,244.966,5044864
United States Of America,USA,America,331002647,cases,358405,2020-33,222.147,5403269
United States Of America,USA,America,331002647,cases,299342,2020-34,198.714,5702611
United States Of America,USA,America,331002647,cases,294552,2020-35,179.423,5997163
United States Of America,USA,America,331002647,cases,279258,2020-36,173.355,6276421
United States Of America,USA,America,331002647,cases,243558,2020-37,157.949,6519979
United States Of America,USA,America,331002647,cases,284835,2020-38,159.634,6804814
United States Of America,USA,America,331002647,cases,310232,2020-39,179.777,7115046
United States Of America,USA,America,331002647,cases,302799,2020-40,185.204,7417845
United States Of America,USA,America,331002647,cases,344699,2020-41,195.617,7762544
United States Of America,USA,America,331002647,cases,392051,2020-42,222.581,8154595
United States Of America,USA,America,331002647,cases,481570,2020-43,263.932,8636165
United States Of America,USA,America,331002647,cases,571197,2020-44,318.054,9207362
United States Of America,USA,America,331002647,cases,764289,2020-45,403.467,9971651
United States Of America,USA,America,331002647,cases,1065410,2020-46,552.775,11037061
United States Of America,USA,America,331002647,cases,1209848,2020-47,687.384,12246909
United States Of America,USA,America,331002647,cases,1136412,2020-48,708.834,13383321
United States Of America,USA,America,331002647,cases,1373677,2020-49,758.329,14756998
United States Of America,USA,America,331002647,cases,1499756,2020-50,868.1,16256754
United States Of America,USA,America,331002647,cases,1588085,2020-51,932.875,17844839
United States Of America,USA,America,331002647,cases,1306812,2020-52,874.584,19151651
United States Of America,USA,America,331002647,cases,1488563,2020-53,844.517,20640214
United States Of America,USA,America,331002647,cases,1782792,2021-01,988.317,22423006
United States Of America,USA,America,331002647,cases,1515282,2021-02,996.389,23938288
United States Of America,USA,America,331002647,cases,1358783,2021-03,868.291,25297071
United States Of America,USA,America,331002647,cases,1024054,2021-04,719.885,26321125
United States Of America,USA,America,331002647,cases,687440,2021-05,517.064,27008565
United States Of America,USA,America,331002647,cases,685603,2021-06,414.813,27694168
United States Of America,USA,America,331002647,cases,495991,2021-07,356.974,28190159
United States Of America,USA,America,331002647,cases,415502,2021-08,275.373,28605661
United States Of America,USA,America,331002647,cases,383101,2021-09,241.268,28988762
United States Of America,USA,America,331002647,cases,506660,2021-10,268.808,29495422
United States Of America,USA,America,331002647,cases,323686,2021-11,250.858,29819108
United States Of America,USA,America,331002647,cases,512686,2021-12,252.678,30331794
United States Of America,USA,America,331002647,cases,374335,2021-13,267.98,30706129
United States Of America,USA,America,331002647,cases,562003,2021-14,282.879,31268132
United States Of America,USA,America,331002647,cases,402714,2021-15,291.453,31670846
United States Of America,USA,America,331002647,deaths,0,2020-01,,0
United States Of America,USA,America,331002647,deaths,0,2020-02,0,0
United States Of America,USA,America,331002647,deaths,0,2020-03,0,0
United States Of America,USA,America,331002647,deaths,0,2020-04,0,0
United States Of America,USA,America,331002647,deaths,0,2020-05,0,0
United States Of America,USA,America,331002647,deaths,0,2020-06,0,0
United States Of America,USA,America,331002647,deaths,0,2020-07,0,0
United States Of America,USA,America,331002647,deaths,0,2020-08,0,0
United States Of America,USA,America,331002647,deaths,2,2020-09,0.006,2
United States Of America,USA,America,331002647,deaths,19,2020-10,0.063,21
United States Of America,USA,America,331002647,deaths,48,2020-11,0.202,69
United States Of America,USA,America,331002647,deaths,402,2020-12,1.36,471
United States Of America,USA,America,331002647,deaths,2038,2020-13,7.372,2509
United States Of America,USA,America,331002647,deaths,7138,2020-14,27.722,9647
United States Of America,USA,America,331002647,deaths,12461,2020-15,59.211,22108
United States Of America,USA,America,331002647,deaths,18574,2020-16,93.761,40682
United States Of America,USA,America,331002647,deaths,14194,2020-17,98.996,54876
United States Of America,USA,America,331002647,deaths,12806,2020-18,81.57,67682
United States Of America,USA,America,331002647,deaths,11846,2020-19,74.477,79528
United States Of America,USA,America,331002647,deaths,10034,2020-20,66.102,89562
United States Of America,USA,America,331002647,deaths,8158,2020-21,54.96,97720
United States Of America,USA,America,331002647,deaths,6663,2020-22,44.776,104383
United States Of America,USA,America,331002647,deaths,6131,2020-23,38.652,110514
United States Of America,USA,America,331002647,deaths,5218,2020-24,34.287,115732
United States Of America,USA,America,331002647,deaths,4243,2020-25,28.583,119975
United States Of America,USA,America,331002647,deaths,5829,2020-26,30.429,125804
United States Of America,USA,America,331002647,deaths,4143,2020-27,30.127,129947
United States Of America,USA,America,331002647,deaths,5258,2020-28,28.402,135205
United States Of America,USA,America,331002647,deaths,5329,2020-29,31.985,140534
United States Of America,USA,America,331002647,deaths,6401,2020-30,35.438,146935
United States Of America,USA,America,331002647,deaths,7925,2020-31,43.281,154860
United States Of America,USA,America,331002647,deaths,8078,2020-32,48.347,162938
United States Of America,USA,America,331002647,deaths,7114,2020-33,45.897,170052
United States Of America,USA,America,331002647,deaths,6754,2020-34,41.897,176806
United States Of America,USA,America,331002647,deaths,6263,2020-35,39.326,183069
United States Of America,USA,America,331002647,deaths,5872,2020-36,36.661,188941
United States Of America,USA,America,331002647,deaths,5138,2020-37,33.263,194079
United States Of America,USA,America,331002647,deaths,5430,2020-38,31.927,199509
United States Of America,USA,America,331002647,deaths,5247,2020-39,32.257,204756
United States Of America,USA,America,331002647,deaths,5038,2020-40,31.072,209794
United States Of America,USA,America,331002647,deaths,4977,2020-41,30.257,214771
United States Of America,USA,America,331002647,deaths,4903,2020-42,29.849,219674
United States Of America,USA,America,331002647,deaths,5556,2020-43,31.598,225230
United States Of America,USA,America,331002647,deaths,5766,2020-44,34.205,230996
United States Of America,USA,America,331002647,deaths,6576,2020-45,37.287,237572
United States Of America,USA,America,331002647,deaths,8642,2020-46,45.975,246214
United States Of America,USA,America,331002647,deaths,10568,2020-47,58.036,256782
United States Of America,USA,America,331002647,deaths,10091,2020-48,62.413,266873
United States Of America,USA,America,331002647,deaths,15437,2020-49,77.123,282310
United States Of America,USA,America,331002647,deaths,16867,2020-50,97.594,299177
United States Of America,USA,America,331002647,deaths,18493,2020-51,106.827,317670
United States Of America,USA,America,331002647,deaths,15656,2020-52,103.168,333326
United States Of America,USA,America,331002647,deaths,18264,2020-53,102.477,351590
United States Of America,USA,America,331002647,deaths,22852,2021-01,124.217,374442
United States Of America,USA,America,331002647,deaths,23169,2021-02,139.035,397611
United States Of America,USA,America,331002647,deaths,23518,2021-03,141.047,421129
United States Of America,USA,America,331002647,deaths,22226,2021-04,138.198,443355
United States Of America,USA,America,331002647,deaths,20127,2021-05,127.954,463482
United States Of America,USA,America,331002647,deaths,22843,2021-06,129.818,486325
United States Of America,USA,America,331002647,deaths,11364,2021-07,103.344,497689
United States Of America,USA,America,331002647,deaths,15402,2021-08,80.863,513091
United States Of America,USA,America,331002647,deaths,11888,2021-09,82.446,524979
United States Of America,USA,America,331002647,deaths,10682,2021-10,68.187,535661
United States Of America,USA,America,331002647,deaths,6698,2021-11,52.507,542359
United States Of America,USA,America,331002647,deaths,7677,2021-12,43.429,550036
United States Of America,USA,America,331002647,deaths,4965,2021-13,38.193,555001
United States Of America,USA,America,331002647,deaths,7532,2021-14,37.755,562533
United States Of America,USA,America,331002647,deaths,4683,2021-15,36.903,567216
